file,x,y,classification
btn_2017_06_12_flight_1_120ft/rgb_autoexposure_calibration/calibrated_0cae8e93088d-FW00032.jpg,91,836,plant
btn_2017_06_12_flight_1_120ft/rgb_autoexposure_calibration/calibrated_0cae8e93088d-FW00032.jpg,593,131,plant
btn_2017_06_12_flight_1_120ft/rgb_autoexposure_calibration/calibrated_0cae8e93088d-FW00032.jpg,433,851,other
btn_2017_06_12_flight_1_120ft/rgb_autoexposure_calibration/calibrated_0cae8e93088d-FW00032.jpg,804,567,other
btn_2017_06_12_flight_1_120ft/rgb_autoexposure_calibration/calibrated_0cae8e93088d-FW00032.jpg,512,435,plant
btn_2017_06_12_flight_1_120ft/rgb_autoexposure_calibration/calibrated_0cae8e93088d-FW00032.jpg,282,269,plant
btn_2017_06_12_flight_1_120ft/rgb_autoexposure_calibration/calibrated_0cae8e93088d-FW00032.jpg,960,152,other
btn_2017_06_12_flight_1_120ft/rgb_autoexposure_calibration/calibrated_0cae8e93088d-FW00032.jpg,1,706,plant
btn_2017_06_12_flight_1_120ft/rgb_autoexposure_calibration/calibrated_0cae8e93088d-FW00032.jpg,742,886,other
btn_2017_06_12_flight_1_120ft/rgb_autoexposure_calibration/calibrated_0cae8e93088d-FW00032.jpg,833,217,other
btn_2017_06_12_flight_1_120ft/rgb_autoexposure_calibration/calibrated_0cae8e93088d-FW00134.jpg,1011,603,plant
btn_2017_06_12_flight_1_120ft/rgb_autoexposure_calibration/calibrated_0cae8e93088d-FW00134.jpg,965,53,plant
btn_2017_06_12_flight_1_120ft/rgb_autoexposure_calibration/calibrated_0cae8e93088d-FW00134.jpg,950,11,plant
btn_2017_06_12_flight_1_120ft/rgb_autoexposure_calibration/calibrated_0cae8e93088d-FW00134.jpg,237,611,other
btn_2017_06_12_flight_1_120ft/rgb_autoexposure_calibration/calibrated_0cae8e93088d-FW00134.jpg,18,156,plant
btn_2017_06_12_flight_1_120ft/rgb_autoexposure_calibration/calibrated_0cae8e93088d-FW00134.jpg,129,472,plant
btn_2017_06_12_flight_1_120ft/rgb_autoexposure_calibration/calibrated_0cae8e93088d-FW00134.jpg,586,180,plant
btn_2017_06_12_flight_1_120ft/rgb_autoexposure_calibration/calibrated_0cae8e93088d-FW00134.jpg,918,647,plant
btn_2017_06_12_flight_1_120ft/rgb_autoexposure_calibration/calibrated_0cae8e93088d-FW00134.jpg,1094,673,plant
btn_2017_06_12_flight_1_120ft/rgb_autoexposure_calibration/calibrated_0cae8e93088d-FW00134.jpg,285,850,other
btn_2017_06_12_flight_1_120ft/rgb_autoexposure_calibration/calibrated_0cae8e93088d-FW00129.jpg,474,71,plant
btn_2017_06_12_flight_1_120ft/rgb_autoexposure_calibration/calibrated_0cae8e93088d-FW00129.jpg,146,862,plant
btn_2017_06_12_flight_1_120ft/rgb_autoexposure_calibration/calibrated_0cae8e93088d-FW00129.jpg,949,45,plant
btn_2017_06_12_flight_1_120ft/rgb_autoexposure_calibration/calibrated_0cae8e93088d-FW00129.jpg,899,129,other
btn_2017_06_12_flight_1_120ft/rgb_autoexposure_calibration/calibrated_0cae8e93088d-FW00129.jpg,326,711,plant
btn_2017_06_12_flight_1_120ft/rgb_autoexposure_calibration/calibrated_0cae8e93088d-FW00129.jpg,878,760,other
btn_2017_06_12_flight_1_120ft/rgb_autoexposure_calibration/calibrated_0cae8e93088d-FW00129.jpg,198,883,plant
btn_2017_06_12_flight_1_120ft/rgb_autoexposure_calibration/calibrated_0cae8e93088d-FW00129.jpg,734,84,other
btn_2017_06_12_flight_1_120ft/rgb_autoexposure_calibration/calibrated_0cae8e93088d-FW00129.jpg,582,744,other
btn_2017_06_12_flight_1_120ft/rgb_autoexposure_calibration/calibrated_0cae8e93088d-FW00129.jpg,508,6,other
btn_2017_06_12_flight_1_120ft/rgb_autoexposure_calibration/calibrated_0cae8e93088d-FW00147.jpg,156,287,plant
btn_2017_06_12_flight_1_120ft/rgb_autoexposure_calibration/calibrated_0cae8e93088d-FW00147.jpg,493,483,plant
btn_2017_06_12_flight_1_120ft/rgb_autoexposure_calibration/calibrated_0cae8e93088d-FW00147.jpg,18,719,plant
btn_2017_06_12_flight_1_120ft/rgb_autoexposure_calibration/calibrated_0cae8e93088d-FW00147.jpg,1146,257,plant
btn_2017_06_12_flight_1_120ft/rgb_autoexposure_calibration/calibrated_0cae8e93088d-FW00147.jpg,313,546,plant
btn_2017_06_12_flight_1_120ft/rgb_autoexposure_calibration/calibrated_0cae8e93088d-FW00147.jpg,556,925,plant
btn_2017_06_12_flight_1_120ft/rgb_autoexposure_calibration/calibrated_0cae8e93088d-FW00147.jpg,1179,258,plant
btn_2017_06_12_flight_1_120ft/rgb_autoexposure_calibration/calibrated_0cae8e93088d-FW00147.jpg,879,22,plant
btn_2017_06_12_flight_1_120ft/rgb_autoexposure_calibration/calibrated_0cae8e93088d-FW00147.jpg,736,420,plant
btn_2017_06_12_flight_1_120ft/rgb_autoexposure_calibration/calibrated_0cae8e93088d-FW00147.jpg,362,265,plant
btn_2017_06_12_flight_1_120ft/rgb_autoexposure_calibration/calibrated_0cae8e93088d-FW00044.jpg,633,571,plant
btn_2017_06_12_flight_1_120ft/rgb_autoexposure_calibration/calibrated_0cae8e93088d-FW00044.jpg,1226,561,other
btn_2017_06_12_flight_1_120ft/rgb_autoexposure_calibration/calibrated_0cae8e93088d-FW00044.jpg,1133,135,other
btn_2017_06_12_flight_1_120ft/rgb_autoexposure_calibration/calibrated_0cae8e93088d-FW00044.jpg,1239,752,other
btn_2017_06_12_flight_1_120ft/rgb_autoexposure_calibration/calibrated_0cae8e93088d-FW00044.jpg,824,484,other
btn_2017_06_12_flight_1_120ft/rgb_autoexposure_calibration/calibrated_0cae8e93088d-FW00044.jpg,1115,614,other
btn_2017_06_12_flight_1_120ft/rgb_autoexposure_calibration/calibrated_0cae8e93088d-FW00044.jpg,81,64,plant
btn_2017_06_12_flight_1_120ft/rgb_autoexposure_calibration/calibrated_0cae8e93088d-FW00044.jpg,607,809,plant
btn_2017_06_12_flight_1_120ft/rgb_autoexposure_calibration/calibrated_0cae8e93088d-FW00044.jpg,642,837,other
btn_2017_06_12_flight_1_120ft/rgb_autoexposure_calibration/calibrated_0cae8e93088d-FW00044.jpg,926,290,plant
btn_2017_06_12_flight_1_120ft/rgb_autoexposure_calibration/calibrated_0cae8e93088d-FW00072.jpg,561,948,plant
btn_2017_06_12_flight_1_120ft/rgb_autoexposure_calibration/calibrated_0cae8e93088d-FW00072.jpg,220,110,other
btn_2017_06_12_flight_1_120ft/rgb_autoexposure_calibration/calibrated_0cae8e93088d-FW00072.jpg,368,745,plant
btn_2017_06_12_flight_1_120ft/rgb_autoexposure_calibration/calibrated_0cae8e93088d-FW00072.jpg,284,408,plant
btn_2017_06_12_flight_1_120ft/rgb_autoexposure_calibration/calibrated_0cae8e93088d-FW00072.jpg,724,704,other
btn_2017_06_12_flight_1_120ft/rgb_autoexposure_calibration/calibrated_0cae8e93088d-FW00072.jpg,614,359,other
btn_2017_06_12_flight_1_120ft/rgb_autoexposure_calibration/calibrated_0cae8e93088d-FW00072.jpg,497,948,plant
btn_2017_06_12_flight_1_120ft/rgb_autoexposure_calibration/calibrated_0cae8e93088d-FW00072.jpg,1196,475,other
btn_2017_06_12_flight_1_120ft/rgb_autoexposure_calibration/calibrated_0cae8e93088d-FW00072.jpg,133,533,plant
btn_2017_06_12_flight_1_120ft/rgb_autoexposure_calibration/calibrated_0cae8e93088d-FW00072.jpg,1156,623,other
btn_2017_06_12_flight_1_120ft/rgb_autoexposure_calibration/calibrated_0cae8e93088d-FW00022.jpg,60,603,other
btn_2017_06_12_flight_1_120ft/rgb_autoexposure_calibration/calibrated_0cae8e93088d-FW00022.jpg,673,73,plant
btn_2017_06_12_flight_1_120ft/rgb_autoexposure_calibration/calibrated_0cae8e93088d-FW00022.jpg,54,420,plant
btn_2017_06_12_flight_1_120ft/rgb_autoexposure_calibration/calibrated_0cae8e93088d-FW00022.jpg,840,412,plant
btn_2017_06_12_flight_1_120ft/rgb_autoexposure_calibration/calibrated_0cae8e93088d-FW00022.jpg,895,231,plant
btn_2017_06_12_flight_1_120ft/rgb_autoexposure_calibration/calibrated_0cae8e93088d-FW00022.jpg,1079,422,other
btn_2017_06_12_flight_1_120ft/rgb_autoexposure_calibration/calibrated_0cae8e93088d-FW00022.jpg,94,175,other
btn_2017_06_12_flight_1_120ft/rgb_autoexposure_calibration/calibrated_0cae8e93088d-FW00022.jpg,86,706,other
btn_2017_06_12_flight_1_120ft/rgb_autoexposure_calibration/calibrated_0cae8e93088d-FW00022.jpg,437,811,plant
btn_2017_06_12_flight_1_120ft/rgb_autoexposure_calibration/calibrated_0cae8e93088d-FW00022.jpg,1129,374,plant
btn_2017_06_12_flight_1_120ft/rgb_autoexposure_calibration/calibrated_0cae8e93088d-FW00017.jpg,423,740,other
btn_2017_06_12_flight_1_120ft/rgb_autoexposure_calibration/calibrated_0cae8e93088d-FW00017.jpg,925,286,plant
btn_2017_06_12_flight_1_120ft/rgb_autoexposure_calibration/calibrated_0cae8e93088d-FW00017.jpg,22,17,other
btn_2017_06_12_flight_1_120ft/rgb_autoexposure_calibration/calibrated_0cae8e93088d-FW00017.jpg,1087,497,plant
btn_2017_06_12_flight_1_120ft/rgb_autoexposure_calibration/calibrated_0cae8e93088d-FW00017.jpg,576,505,other
btn_2017_06_12_flight_1_120ft/rgb_autoexposure_calibration/calibrated_0cae8e93088d-FW00017.jpg,647,867,plant
btn_2017_06_12_flight_1_120ft/rgb_autoexposure_calibration/calibrated_0cae8e93088d-FW00017.jpg,926,718,plant
btn_2017_06_12_flight_1_120ft/rgb_autoexposure_calibration/calibrated_0cae8e93088d-FW00017.jpg,611,211,other
btn_2017_06_12_flight_1_120ft/rgb_autoexposure_calibration/calibrated_0cae8e93088d-FW00017.jpg,622,311,plant
btn_2017_06_12_flight_1_120ft/rgb_autoexposure_calibration/calibrated_0cae8e93088d-FW00017.jpg,577,106,other
btn_2017_06_12_flight_1_120ft/rgb_autoexposure_calibration/calibrated_0cae8e93088d-FW00098.jpg,559,865,other
btn_2017_06_12_flight_1_120ft/rgb_autoexposure_calibration/calibrated_0cae8e93088d-FW00098.jpg,705,421,plant
btn_2017_06_12_flight_1_120ft/rgb_autoexposure_calibration/calibrated_0cae8e93088d-FW00098.jpg,615,290,plant
btn_2017_06_12_flight_1_120ft/rgb_autoexposure_calibration/calibrated_0cae8e93088d-FW00098.jpg,667,854,plant
btn_2017_06_12_flight_1_120ft/rgb_autoexposure_calibration/calibrated_0cae8e93088d-FW00098.jpg,289,760,plant
btn_2017_06_12_flight_1_120ft/rgb_autoexposure_calibration/calibrated_0cae8e93088d-FW00098.jpg,5,516,other
btn_2017_06_12_flight_1_120ft/rgb_autoexposure_calibration/calibrated_0cae8e93088d-FW00098.jpg,26,389,other
btn_2017_06_12_flight_1_120ft/rgb_autoexposure_calibration/calibrated_0cae8e93088d-FW00098.jpg,963,54,plant
btn_2017_06_12_flight_1_120ft/rgb_autoexposure_calibration/calibrated_0cae8e93088d-FW00098.jpg,113,28,plant
btn_2017_06_12_flight_1_120ft/rgb_autoexposure_calibration/calibrated_0cae8e93088d-FW00098.jpg,688,233,plant
btn_2017_06_12_flight_1_120ft/rgb_autoexposure_calibration/calibrated_0cae8e93088d-FW00127.jpg,911,710,other
btn_2017_06_12_flight_1_120ft/rgb_autoexposure_calibration/calibrated_0cae8e93088d-FW00127.jpg,98,382,other
btn_2017_06_12_flight_1_120ft/rgb_autoexposure_calibration/calibrated_0cae8e93088d-FW00127.jpg,303,45,other
btn_2017_06_12_flight_1_120ft/rgb_autoexposure_calibration/calibrated_0cae8e93088d-FW00127.jpg,164,476,plant
btn_2017_06_12_flight_1_120ft/rgb_autoexposure_calibration/calibrated_0cae8e93088d-FW00127.jpg,492,359,plant
btn_2017_06_12_flight_1_120ft/rgb_autoexposure_calibration/calibrated_0cae8e93088d-FW00127.jpg,638,586,plant
btn_2017_06_12_flight_1_120ft/rgb_autoexposure_calibration/calibrated_0cae8e93088d-FW00127.jpg,556,9,plant
btn_2017_06_12_flight_1_120ft/rgb_autoexposure_calibration/calibrated_0cae8e93088d-FW00127.jpg,1078,263,other
btn_2017_06_12_flight_1_120ft/rgb_autoexposure_calibration/calibrated_0cae8e93088d-FW00127.jpg,1143,884,other
btn_2017_06_12_flight_1_120ft/rgb_autoexposure_calibration/calibrated_0cae8e93088d-FW00127.jpg,756,871,plant
btn_2017_06_21_flight_1_120ft/rgb_autoexposure_calibration/calibrated_0cae8e93088d-FW00066.jpg,817,781,other
btn_2017_06_21_flight_1_120ft/rgb_autoexposure_calibration/calibrated_0cae8e93088d-FW00066.jpg,619,274,other
btn_2017_06_21_flight_1_120ft/rgb_autoexposure_calibration/calibrated_0cae8e93088d-FW00066.jpg,221,814,other
btn_2017_06_21_flight_1_120ft/rgb_autoexposure_calibration/calibrated_0cae8e93088d-FW00066.jpg,1177,42,other
btn_2017_06_21_flight_1_120ft/rgb_autoexposure_calibration/calibrated_0cae8e93088d-FW00066.jpg,965,228,other
btn_2017_06_21_flight_1_120ft/rgb_autoexposure_calibration/calibrated_0cae8e93088d-FW00066.jpg,382,10,plant
btn_2017_06_21_flight_1_120ft/rgb_autoexposure_calibration/calibrated_0cae8e93088d-FW00066.jpg,1189,357,plant
btn_2017_06_21_flight_1_120ft/rgb_autoexposure_calibration/calibrated_0cae8e93088d-FW00066.jpg,758,838,plant
btn_2017_06_21_flight_1_120ft/rgb_autoexposure_calibration/calibrated_0cae8e93088d-FW00066.jpg,242,257,plant
btn_2017_06_21_flight_1_120ft/rgb_autoexposure_calibration/calibrated_0cae8e93088d-FW00066.jpg,477,926,other
btn_2017_06_21_flight_1_120ft/rgb_autoexposure_calibration/calibrated_0cae8e93088d-FW00133.jpg,294,605,plant
btn_2017_06_21_flight_1_120ft/rgb_autoexposure_calibration/calibrated_0cae8e93088d-FW00133.jpg,1236,839,plant
btn_2017_06_21_flight_1_120ft/rgb_autoexposure_calibration/calibrated_0cae8e93088d-FW00133.jpg,6,7,plant
btn_2017_06_21_flight_1_120ft/rgb_autoexposure_calibration/calibrated_0cae8e93088d-FW00133.jpg,1131,598,plant
btn_2017_06_21_flight_1_120ft/rgb_autoexposure_calibration/calibrated_0cae8e93088d-FW00133.jpg,506,11,plant
btn_2017_06_21_flight_1_120ft/rgb_autoexposure_calibration/calibrated_0cae8e93088d-FW00133.jpg,518,1,plant
btn_2017_06_21_flight_1_120ft/rgb_autoexposure_calibration/calibrated_0cae8e93088d-FW00133.jpg,63,369,plant
btn_2017_06_21_flight_1_120ft/rgb_autoexposure_calibration/calibrated_0cae8e93088d-FW00133.jpg,698,583,plant
btn_2017_06_21_flight_1_120ft/rgb_autoexposure_calibration/calibrated_0cae8e93088d-FW00133.jpg,307,464,plant
btn_2017_06_21_flight_1_120ft/rgb_autoexposure_calibration/calibrated_0cae8e93088d-FW00133.jpg,192,894,plant
btn_2017_06_21_flight_1_120ft/rgb_autoexposure_calibration/calibrated_0cae8e93088d-FW00082.jpg,64,781,plant
btn_2017_06_21_flight_1_120ft/rgb_autoexposure_calibration/calibrated_0cae8e93088d-FW00082.jpg,681,257,plant
btn_2017_06_21_flight_1_120ft/rgb_autoexposure_calibration/calibrated_0cae8e93088d-FW00082.jpg,229,10,plant
btn_2017_06_21_flight_1_120ft/rgb_autoexposure_calibration/calibrated_0cae8e93088d-FW00082.jpg,666,752,plant
btn_2017_06_21_flight_1_120ft/rgb_autoexposure_calibration/calibrated_0cae8e93088d-FW00082.jpg,1235,754,other
btn_2017_06_21_flight_1_120ft/rgb_autoexposure_calibration/calibrated_0cae8e93088d-FW00082.jpg,915,539,other
btn_2017_06_21_flight_1_120ft/rgb_autoexposure_calibration/calibrated_0cae8e93088d-FW00082.jpg,463,502,plant
btn_2017_06_21_flight_1_120ft/rgb_autoexposure_calibration/calibrated_0cae8e93088d-FW00082.jpg,151,346,other
btn_2017_06_21_flight_1_120ft/rgb_autoexposure_calibration/calibrated_0cae8e93088d-FW00082.jpg,235,587,plant
btn_2017_06_21_flight_1_120ft/rgb_autoexposure_calibration/calibrated_0cae8e93088d-FW00082.jpg,1189,104,other
btn_2017_06_21_flight_1_120ft/rgb_autoexposure_calibration/calibrated_0cae8e93088d-FW00018.jpg,262,823,plant
btn_2017_06_21_flight_1_120ft/rgb_autoexposure_calibration/calibrated_0cae8e93088d-FW00018.jpg,593,290,other
btn_2017_06_21_flight_1_120ft/rgb_autoexposure_calibration/calibrated_0cae8e93088d-FW00018.jpg,247,745,plant
btn_2017_06_21_flight_1_120ft/rgb_autoexposure_calibration/calibrated_0cae8e93088d-FW00018.jpg,207,729,plant
btn_2017_06_21_flight_1_120ft/rgb_autoexposure_calibration/calibrated_0cae8e93088d-FW00018.jpg,487,679,other
btn_2017_06_21_flight_1_120ft/rgb_autoexposure_calibration/calibrated_0cae8e93088d-FW00018.jpg,902,13,other
btn_2017_06_21_flight_1_120ft/rgb_autoexposure_calibration/calibrated_0cae8e93088d-FW00018.jpg,800,142,plant
btn_2017_06_21_flight_1_120ft/rgb_autoexposure_calibration/calibrated_0cae8e93088d-FW00018.jpg,147,922,plant
btn_2017_06_21_flight_1_120ft/rgb_autoexposure_calibration/calibrated_0cae8e93088d-FW00018.jpg,839,422,other
btn_2017_06_21_flight_1_120ft/rgb_autoexposure_calibration/calibrated_0cae8e93088d-FW00018.jpg,23,67,plant
btn_2017_06_21_flight_1_120ft/rgb_autoexposure_calibration/calibrated_0cae8e93088d-FW00127.jpg,553,222,other
btn_2017_06_21_flight_1_120ft/rgb_autoexposure_calibration/calibrated_0cae8e93088d-FW00127.jpg,581,812,plant
btn_2017_06_21_flight_1_120ft/rgb_autoexposure_calibration/calibrated_0cae8e93088d-FW00127.jpg,26,28,plant
btn_2017_06_21_flight_1_120ft/rgb_autoexposure_calibration/calibrated_0cae8e93088d-FW00127.jpg,1219,148,plant
btn_2017_06_21_flight_1_120ft/rgb_autoexposure_calibration/calibrated_0cae8e93088d-FW00127.jpg,1203,674,plant
btn_2017_06_21_flight_1_120ft/rgb_autoexposure_calibration/calibrated_0cae8e93088d-FW00127.jpg,886,195,other
btn_2017_06_21_flight_1_120ft/rgb_autoexposure_calibration/calibrated_0cae8e93088d-FW00127.jpg,234,235,other
btn_2017_06_21_flight_1_120ft/rgb_autoexposure_calibration/calibrated_0cae8e93088d-FW00127.jpg,178,235,other
btn_2017_06_21_flight_1_120ft/rgb_autoexposure_calibration/calibrated_0cae8e93088d-FW00127.jpg,987,839,other
btn_2017_06_21_flight_1_120ft/rgb_autoexposure_calibration/calibrated_0cae8e93088d-FW00127.jpg,472,677,plant
btn_2017_06_21_flight_1_120ft/rgb_autoexposure_calibration/calibrated_0cae8e93088d-FW00085.jpg,836,494,other
btn_2017_06_21_flight_1_120ft/rgb_autoexposure_calibration/calibrated_0cae8e93088d-FW00085.jpg,1036,413,other
btn_2017_06_21_flight_1_120ft/rgb_autoexposure_calibration/calibrated_0cae8e93088d-FW00085.jpg,915,830,other
btn_2017_06_21_flight_1_120ft/rgb_autoexposure_calibration/calibrated_0cae8e93088d-FW00085.jpg,781,611,other
btn_2017_06_21_flight_1_120ft/rgb_autoexposure_calibration/calibrated_0cae8e93088d-FW00085.jpg,72,53,plant
btn_2017_06_21_flight_1_120ft/rgb_autoexposure_calibration/calibrated_0cae8e93088d-FW00085.jpg,554,237,other
btn_2017_06_21_flight_1_120ft/rgb_autoexposure_calibration/calibrated_0cae8e93088d-FW00085.jpg,864,373,other
btn_2017_06_21_flight_1_120ft/rgb_autoexposure_calibration/calibrated_0cae8e93088d-FW00085.jpg,1165,843,other
btn_2017_06_21_flight_1_120ft/rgb_autoexposure_calibration/calibrated_0cae8e93088d-FW00085.jpg,99,885,plant
btn_2017_06_21_flight_1_120ft/rgb_autoexposure_calibration/calibrated_0cae8e93088d-FW00085.jpg,199,736,plant
btn_2017_06_21_flight_1_120ft/rgb_autoexposure_calibration/calibrated_0cae8e93088d-FW00109.jpg,684,812,plant
btn_2017_06_21_flight_1_120ft/rgb_autoexposure_calibration/calibrated_0cae8e93088d-FW00109.jpg,813,822,plant
btn_2017_06_21_flight_1_120ft/rgb_autoexposure_calibration/calibrated_0cae8e93088d-FW00109.jpg,545,601,plant
btn_2017_06_21_flight_1_120ft/rgb_autoexposure_calibration/calibrated_0cae8e93088d-FW00109.jpg,418,827,plant
btn_2017_06_21_flight_1_120ft/rgb_autoexposure_calibration/calibrated_0cae8e93088d-FW00109.jpg,713,717,plant
btn_2017_06_21_flight_1_120ft/rgb_autoexposure_calibration/calibrated_0cae8e93088d-FW00109.jpg,1047,582,plant
btn_2017_06_21_flight_1_120ft/rgb_autoexposure_calibration/calibrated_0cae8e93088d-FW00109.jpg,403,808,plant
btn_2017_06_21_flight_1_120ft/rgb_autoexposure_calibration/calibrated_0cae8e93088d-FW00109.jpg,1163,190,plant
btn_2017_06_21_flight_1_120ft/rgb_autoexposure_calibration/calibrated_0cae8e93088d-FW00109.jpg,196,271,other
btn_2017_06_21_flight_1_120ft/rgb_autoexposure_calibration/calibrated_0cae8e93088d-FW00109.jpg,380,895,plant
btn_2017_06_21_flight_1_120ft/rgb_autoexposure_calibration/calibrated_0cae8e93088d-FW00112.jpg,306,122,plant
btn_2017_06_21_flight_1_120ft/rgb_autoexposure_calibration/calibrated_0cae8e93088d-FW00112.jpg,494,72,plant
btn_2017_06_21_flight_1_120ft/rgb_autoexposure_calibration/calibrated_0cae8e93088d-FW00112.jpg,694,428,plant
btn_2017_06_21_flight_1_120ft/rgb_autoexposure_calibration/calibrated_0cae8e93088d-FW00112.jpg,473,893,other
btn_2017_06_21_flight_1_120ft/rgb_autoexposure_calibration/calibrated_0cae8e93088d-FW00112.jpg,980,187,plant
btn_2017_06_21_flight_1_120ft/rgb_autoexposure_calibration/calibrated_0cae8e93088d-FW00112.jpg,574,376,other
btn_2017_06_21_flight_1_120ft/rgb_autoexposure_calibration/calibrated_0cae8e93088d-FW00112.jpg,292,170,plant
btn_2017_06_21_flight_1_120ft/rgb_autoexposure_calibration/calibrated_0cae8e93088d-FW00112.jpg,681,448,other
btn_2017_06_21_flight_1_120ft/rgb_autoexposure_calibration/calibrated_0cae8e93088d-FW00112.jpg,580,948,other
btn_2017_06_21_flight_1_120ft/rgb_autoexposure_calibration/calibrated_0cae8e93088d-FW00112.jpg,720,50,plant
btn_2017_06_21_flight_1_120ft/rgb_autoexposure_calibration/calibrated_0cae8e93088d-FW00167.jpg,533,175,plant
btn_2017_06_21_flight_1_120ft/rgb_autoexposure_calibration/calibrated_0cae8e93088d-FW00167.jpg,137,356,plant
btn_2017_06_21_flight_1_120ft/rgb_autoexposure_calibration/calibrated_0cae8e93088d-FW00167.jpg,1120,793,plant
btn_2017_06_21_flight_1_120ft/rgb_autoexposure_calibration/calibrated_0cae8e93088d-FW00167.jpg,1203,203,plant
btn_2017_06_21_flight_1_120ft/rgb_autoexposure_calibration/calibrated_0cae8e93088d-FW00167.jpg,88,192,plant
btn_2017_06_21_flight_1_120ft/rgb_autoexposure_calibration/calibrated_0cae8e93088d-FW00167.jpg,28,683,plant
btn_2017_06_21_flight_1_120ft/rgb_autoexposure_calibration/calibrated_0cae8e93088d-FW00167.jpg,634,840,plant
btn_2017_06_21_flight_1_120ft/rgb_autoexposure_calibration/calibrated_0cae8e93088d-FW00167.jpg,914,619,plant
btn_2017_06_21_flight_1_120ft/rgb_autoexposure_calibration/calibrated_0cae8e93088d-FW00167.jpg,589,84,other
btn_2017_06_21_flight_1_120ft/rgb_autoexposure_calibration/calibrated_0cae8e93088d-FW00167.jpg,992,561,other
btn_2017_06_21_flight_1_120ft/rgb_autoexposure_calibration/calibrated_0cae8e93088d-FW00009.jpg,557,164,other
btn_2017_06_21_flight_1_120ft/rgb_autoexposure_calibration/calibrated_0cae8e93088d-FW00009.jpg,831,202,other
btn_2017_06_21_flight_1_120ft/rgb_autoexposure_calibration/calibrated_0cae8e93088d-FW00009.jpg,99,382,plant
btn_2017_06_21_flight_1_120ft/rgb_autoexposure_calibration/calibrated_0cae8e93088d-FW00009.jpg,734,560,plant
btn_2017_06_21_flight_1_120ft/rgb_autoexposure_calibration/calibrated_0cae8e93088d-FW00009.jpg,606,201,other
btn_2017_06_21_flight_1_120ft/rgb_autoexposure_calibration/calibrated_0cae8e93088d-FW00009.jpg,1007,237,plant
btn_2017_06_21_flight_1_120ft/rgb_autoexposure_calibration/calibrated_0cae8e93088d-FW00009.jpg,579,283,plant
btn_2017_06_21_flight_1_120ft/rgb_autoexposure_calibration/calibrated_0cae8e93088d-FW00009.jpg,723,929,plant
btn_2017_06_21_flight_1_120ft/rgb_autoexposure_calibration/calibrated_0cae8e93088d-FW00009.jpg,408,277,plant
btn_2017_06_21_flight_1_120ft/rgb_autoexposure_calibration/calibrated_0cae8e93088d-FW00009.jpg,920,830,plant
btn_2017_06_26_flight_1_120ft/rgb_autoexposure_calibration/calibrated_0cae8e93088d-FW00156.jpg,233,495,plant
btn_2017_06_26_flight_1_120ft/rgb_autoexposure_calibration/calibrated_0cae8e93088d-FW00156.jpg,1157,382,plant
btn_2017_06_26_flight_1_120ft/rgb_autoexposure_calibration/calibrated_0cae8e93088d-FW00156.jpg,57,344,plant
btn_2017_06_26_flight_1_120ft/rgb_autoexposure_calibration/calibrated_0cae8e93088d-FW00156.jpg,1064,339,plant
btn_2017_06_26_flight_1_120ft/rgb_autoexposure_calibration/calibrated_0cae8e93088d-FW00156.jpg,893,143,plant
btn_2017_06_26_flight_1_120ft/rgb_autoexposure_calibration/calibrated_0cae8e93088d-FW00156.jpg,773,139,plant
btn_2017_06_26_flight_1_120ft/rgb_autoexposure_calibration/calibrated_0cae8e93088d-FW00156.jpg,116,834,plant
btn_2017_06_26_flight_1_120ft/rgb_autoexposure_calibration/calibrated_0cae8e93088d-FW00156.jpg,307,654,plant
btn_2017_06_26_flight_1_120ft/rgb_autoexposure_calibration/calibrated_0cae8e93088d-FW00156.jpg,221,2,plant
btn_2017_06_26_flight_1_120ft/rgb_autoexposure_calibration/calibrated_0cae8e93088d-FW00156.jpg,383,125,plant
btn_2017_06_26_flight_1_120ft/rgb_autoexposure_calibration/calibrated_0cae8e93088d-FW00034.jpg,324,121,plant
btn_2017_06_26_flight_1_120ft/rgb_autoexposure_calibration/calibrated_0cae8e93088d-FW00034.jpg,35,803,plant
btn_2017_06_26_flight_1_120ft/rgb_autoexposure_calibration/calibrated_0cae8e93088d-FW00034.jpg,866,337,plant
btn_2017_06_26_flight_1_120ft/rgb_autoexposure_calibration/calibrated_0cae8e93088d-FW00034.jpg,24,585,other
btn_2017_06_26_flight_1_120ft/rgb_autoexposure_calibration/calibrated_0cae8e93088d-FW00034.jpg,945,356,plant
btn_2017_06_26_flight_1_120ft/rgb_autoexposure_calibration/calibrated_0cae8e93088d-FW00034.jpg,989,122,plant
btn_2017_06_26_flight_1_120ft/rgb_autoexposure_calibration/calibrated_0cae8e93088d-FW00034.jpg,312,734,plant
btn_2017_06_26_flight_1_120ft/rgb_autoexposure_calibration/calibrated_0cae8e93088d-FW00034.jpg,571,111,other
btn_2017_06_26_flight_1_120ft/rgb_autoexposure_calibration/calibrated_0cae8e93088d-FW00034.jpg,577,43,other
btn_2017_06_26_flight_1_120ft/rgb_autoexposure_calibration/calibrated_0cae8e93088d-FW00034.jpg,47,497,plant
btn_2017_06_26_flight_1_120ft/rgb_autoexposure_calibration/calibrated_0cae8e93088d-FW00047.jpg,1109,347,plant
btn_2017_06_26_flight_1_120ft/rgb_autoexposure_calibration/calibrated_0cae8e93088d-FW00047.jpg,910,430,plant
btn_2017_06_26_flight_1_120ft/rgb_autoexposure_calibration/calibrated_0cae8e93088d-FW00047.jpg,517,125,plant
btn_2017_06_26_flight_1_120ft/rgb_autoexposure_calibration/calibrated_0cae8e93088d-FW00047.jpg,653,717,other
btn_2017_06_26_flight_1_120ft/rgb_autoexposure_calibration/calibrated_0cae8e93088d-FW00047.jpg,1064,818,plant
btn_2017_06_26_flight_1_120ft/rgb_autoexposure_calibration/calibrated_0cae8e93088d-FW00047.jpg,173,669,plant
btn_2017_06_26_flight_1_120ft/rgb_autoexposure_calibration/calibrated_0cae8e93088d-FW00047.jpg,1175,511,plant
btn_2017_06_26_flight_1_120ft/rgb_autoexposure_calibration/calibrated_0cae8e93088d-FW00047.jpg,1169,869,plant
btn_2017_06_26_flight_1_120ft/rgb_autoexposure_calibration/calibrated_0cae8e93088d-FW00047.jpg,1140,372,plant
btn_2017_06_26_flight_1_120ft/rgb_autoexposure_calibration/calibrated_0cae8e93088d-FW00047.jpg,331,520,plant
btn_2017_06_26_flight_1_120ft/rgb_autoexposure_calibration/calibrated_0cae8e93088d-FW00225.jpg,1183,744,plant
btn_2017_06_26_flight_1_120ft/rgb_autoexposure_calibration/calibrated_0cae8e93088d-FW00225.jpg,968,68,plant
btn_2017_06_26_flight_1_120ft/rgb_autoexposure_calibration/calibrated_0cae8e93088d-FW00225.jpg,957,162,plant
btn_2017_06_26_flight_1_120ft/rgb_autoexposure_calibration/calibrated_0cae8e93088d-FW00225.jpg,63,55,plant
btn_2017_06_26_flight_1_120ft/rgb_autoexposure_calibration/calibrated_0cae8e93088d-FW00225.jpg,290,656,plant
btn_2017_06_26_flight_1_120ft/rgb_autoexposure_calibration/calibrated_0cae8e93088d-FW00225.jpg,436,44,plant
btn_2017_06_26_flight_1_120ft/rgb_autoexposure_calibration/calibrated_0cae8e93088d-FW00225.jpg,235,339,plant
btn_2017_06_26_flight_1_120ft/rgb_autoexposure_calibration/calibrated_0cae8e93088d-FW00225.jpg,697,459,plant
btn_2017_06_26_flight_1_120ft/rgb_autoexposure_calibration/calibrated_0cae8e93088d-FW00225.jpg,638,334,other
btn_2017_06_26_flight_1_120ft/rgb_autoexposure_calibration/calibrated_0cae8e93088d-FW00225.jpg,961,611,plant
btn_2017_06_26_flight_1_120ft/rgb_autoexposure_calibration/calibrated_0cae8e93088d-FW00196.jpg,122,10,plant
btn_2017_06_26_flight_1_120ft/rgb_autoexposure_calibration/calibrated_0cae8e93088d-FW00196.jpg,588,385,plant
btn_2017_06_26_flight_1_120ft/rgb_autoexposure_calibration/calibrated_0cae8e93088d-FW00196.jpg,1208,557,plant
btn_2017_06_26_flight_1_120ft/rgb_autoexposure_calibration/calibrated_0cae8e93088d-FW00196.jpg,976,25,plant
btn_2017_06_26_flight_1_120ft/rgb_autoexposure_calibration/calibrated_0cae8e93088d-FW00196.jpg,1174,210,plant
btn_2017_06_26_flight_1_120ft/rgb_autoexposure_calibration/calibrated_0cae8e93088d-FW00196.jpg,1020,35,plant
btn_2017_06_26_flight_1_120ft/rgb_autoexposure_calibration/calibrated_0cae8e93088d-FW00196.jpg,1013,757,plant
btn_2017_06_26_flight_1_120ft/rgb_autoexposure_calibration/calibrated_0cae8e93088d-FW00196.jpg,660,378,plant
btn_2017_06_26_flight_1_120ft/rgb_autoexposure_calibration/calibrated_0cae8e93088d-FW00196.jpg,14,908,plant
btn_2017_06_26_flight_1_120ft/rgb_autoexposure_calibration/calibrated_0cae8e93088d-FW00196.jpg,941,865,plant
btn_2017_06_26_flight_1_120ft/rgb_autoexposure_calibration/calibrated_0cae8e93088d-FW00178.jpg,756,59,plant
btn_2017_06_26_flight_1_120ft/rgb_autoexposure_calibration/calibrated_0cae8e93088d-FW00178.jpg,555,530,plant
btn_2017_06_26_flight_1_120ft/rgb_autoexposure_calibration/calibrated_0cae8e93088d-FW00178.jpg,953,368,plant
btn_2017_06_26_flight_1_120ft/rgb_autoexposure_calibration/calibrated_0cae8e93088d-FW00178.jpg,1203,441,plant
btn_2017_06_26_flight_1_120ft/rgb_autoexposure_calibration/calibrated_0cae8e93088d-FW00178.jpg,912,857,plant
btn_2017_06_26_flight_1_120ft/rgb_autoexposure_calibration/calibrated_0cae8e93088d-FW00178.jpg,221,312,plant
btn_2017_06_26_flight_1_120ft/rgb_autoexposure_calibration/calibrated_0cae8e93088d-FW00178.jpg,1232,566,plant
btn_2017_06_26_flight_1_120ft/rgb_autoexposure_calibration/calibrated_0cae8e93088d-FW00178.jpg,67,136,plant
btn_2017_06_26_flight_1_120ft/rgb_autoexposure_calibration/calibrated_0cae8e93088d-FW00178.jpg,1175,358,plant
btn_2017_06_26_flight_1_120ft/rgb_autoexposure_calibration/calibrated_0cae8e93088d-FW00178.jpg,408,80,plant
btn_2017_06_26_flight_1_120ft/rgb_autoexposure_calibration/calibrated_0cae8e93088d-FW00173.jpg,890,738,plant
btn_2017_06_26_flight_1_120ft/rgb_autoexposure_calibration/calibrated_0cae8e93088d-FW00173.jpg,202,206,plant
btn_2017_06_26_flight_1_120ft/rgb_autoexposure_calibration/calibrated_0cae8e93088d-FW00173.jpg,1009,134,other
btn_2017_06_26_flight_1_120ft/rgb_autoexposure_calibration/calibrated_0cae8e93088d-FW00173.jpg,217,417,plant
btn_2017_06_26_flight_1_120ft/rgb_autoexposure_calibration/calibrated_0cae8e93088d-FW00173.jpg,1116,729,other
btn_2017_06_26_flight_1_120ft/rgb_autoexposure_calibration/calibrated_0cae8e93088d-FW00173.jpg,386,613,plant
btn_2017_06_26_flight_1_120ft/rgb_autoexposure_calibration/calibrated_0cae8e93088d-FW00173.jpg,843,423,plant
btn_2017_06_26_flight_1_120ft/rgb_autoexposure_calibration/calibrated_0cae8e93088d-FW00173.jpg,979,171,other
btn_2017_06_26_flight_1_120ft/rgb_autoexposure_calibration/calibrated_0cae8e93088d-FW00173.jpg,7,603,plant
btn_2017_06_26_flight_1_120ft/rgb_autoexposure_calibration/calibrated_0cae8e93088d-FW00173.jpg,123,190,plant
btn_2017_06_26_flight_1_120ft/rgb_autoexposure_calibration/calibrated_0cae8e93088d-FW00054.jpg,352,847,other
btn_2017_06_26_flight_1_120ft/rgb_autoexposure_calibration/calibrated_0cae8e93088d-FW00054.jpg,322,278,plant
btn_2017_06_26_flight_1_120ft/rgb_autoexposure_calibration/calibrated_0cae8e93088d-FW00054.jpg,1197,883,plant
btn_2017_06_26_flight_1_120ft/rgb_autoexposure_calibration/calibrated_0cae8e93088d-FW00054.jpg,653,825,plant
btn_2017_06_26_flight_1_120ft/rgb_autoexposure_calibration/calibrated_0cae8e93088d-FW00054.jpg,739,374,other
btn_2017_06_26_flight_1_120ft/rgb_autoexposure_calibration/calibrated_0cae8e93088d-FW00054.jpg,388,343,plant
btn_2017_06_26_flight_1_120ft/rgb_autoexposure_calibration/calibrated_0cae8e93088d-FW00054.jpg,166,314,plant
btn_2017_06_26_flight_1_120ft/rgb_autoexposure_calibration/calibrated_0cae8e93088d-FW00054.jpg,440,577,other
btn_2017_06_26_flight_1_120ft/rgb_autoexposure_calibration/calibrated_0cae8e93088d-FW00054.jpg,459,929,plant
btn_2017_06_26_flight_1_120ft/rgb_autoexposure_calibration/calibrated_0cae8e93088d-FW00054.jpg,46,161,plant
btn_2017_06_26_flight_1_120ft/rgb_autoexposure_calibration/calibrated_0cae8e93088d-FW00154.jpg,1229,560,plant
btn_2017_06_26_flight_1_120ft/rgb_autoexposure_calibration/calibrated_0cae8e93088d-FW00154.jpg,144,594,plant
btn_2017_06_26_flight_1_120ft/rgb_autoexposure_calibration/calibrated_0cae8e93088d-FW00154.jpg,732,359,plant
btn_2017_06_26_flight_1_120ft/rgb_autoexposure_calibration/calibrated_0cae8e93088d-FW00154.jpg,703,396,plant
btn_2017_06_26_flight_1_120ft/rgb_autoexposure_calibration/calibrated_0cae8e93088d-FW00154.jpg,27,785,plant
btn_2017_06_26_flight_1_120ft/rgb_autoexposure_calibration/calibrated_0cae8e93088d-FW00154.jpg,352,236,plant
btn_2017_06_26_flight_1_120ft/rgb_autoexposure_calibration/calibrated_0cae8e93088d-FW00154.jpg,775,899,other
btn_2017_06_26_flight_1_120ft/rgb_autoexposure_calibration/calibrated_0cae8e93088d-FW00154.jpg,18,358,plant
btn_2017_06_26_flight_1_120ft/rgb_autoexposure_calibration/calibrated_0cae8e93088d-FW00154.jpg,762,938,plant
btn_2017_06_26_flight_1_120ft/rgb_autoexposure_calibration/calibrated_0cae8e93088d-FW00154.jpg,628,413,plant
btn_2017_06_26_flight_1_120ft/rgb_autoexposure_calibration/calibrated_0cae8e93088d-FW00040.jpg,134,920,plant
btn_2017_06_26_flight_1_120ft/rgb_autoexposure_calibration/calibrated_0cae8e93088d-FW00040.jpg,1027,109,plant
btn_2017_06_26_flight_1_120ft/rgb_autoexposure_calibration/calibrated_0cae8e93088d-FW00040.jpg,409,682,plant
btn_2017_06_26_flight_1_120ft/rgb_autoexposure_calibration/calibrated_0cae8e93088d-FW00040.jpg,1100,180,other
btn_2017_06_26_flight_1_120ft/rgb_autoexposure_calibration/calibrated_0cae8e93088d-FW00040.jpg,362,104,plant
btn_2017_06_26_flight_1_120ft/rgb_autoexposure_calibration/calibrated_0cae8e93088d-FW00040.jpg,193,916,other
btn_2017_06_26_flight_1_120ft/rgb_autoexposure_calibration/calibrated_0cae8e93088d-FW00040.jpg,927,647,other
btn_2017_06_26_flight_1_120ft/rgb_autoexposure_calibration/calibrated_0cae8e93088d-FW00040.jpg,381,334,plant
btn_2017_06_26_flight_1_120ft/rgb_autoexposure_calibration/calibrated_0cae8e93088d-FW00040.jpg,214,111,plant
btn_2017_06_26_flight_1_120ft/rgb_autoexposure_calibration/calibrated_0cae8e93088d-FW00040.jpg,1069,322,plant
btn_2017_06_27_flight_1_120ft/rgb_autoexposure_calibration/calibrated_0cae8e93088d-FW00089.jpg,1222,320,plant
btn_2017_06_27_flight_1_120ft/rgb_autoexposure_calibration/calibrated_0cae8e93088d-FW00089.jpg,567,367,other
btn_2017_06_27_flight_1_120ft/rgb_autoexposure_calibration/calibrated_0cae8e93088d-FW00089.jpg,842,798,plant
btn_2017_06_27_flight_1_120ft/rgb_autoexposure_calibration/calibrated_0cae8e93088d-FW00089.jpg,121,247,other
btn_2017_06_27_flight_1_120ft/rgb_autoexposure_calibration/calibrated_0cae8e93088d-FW00089.jpg,317,511,plant
btn_2017_06_27_flight_1_120ft/rgb_autoexposure_calibration/calibrated_0cae8e93088d-FW00089.jpg,658,283,other
btn_2017_06_27_flight_1_120ft/rgb_autoexposure_calibration/calibrated_0cae8e93088d-FW00089.jpg,481,124,plant
btn_2017_06_27_flight_1_120ft/rgb_autoexposure_calibration/calibrated_0cae8e93088d-FW00089.jpg,302,643,other
btn_2017_06_27_flight_1_120ft/rgb_autoexposure_calibration/calibrated_0cae8e93088d-FW00089.jpg,859,243,plant
btn_2017_06_27_flight_1_120ft/rgb_autoexposure_calibration/calibrated_0cae8e93088d-FW00089.jpg,796,478,plant
btn_2017_06_27_flight_1_120ft/rgb_autoexposure_calibration/calibrated_0cae8e93088d-FW00192.jpg,953,253,plant
btn_2017_06_27_flight_1_120ft/rgb_autoexposure_calibration/calibrated_0cae8e93088d-FW00192.jpg,830,506,other
btn_2017_06_27_flight_1_120ft/rgb_autoexposure_calibration/calibrated_0cae8e93088d-FW00192.jpg,124,317,plant
btn_2017_06_27_flight_1_120ft/rgb_autoexposure_calibration/calibrated_0cae8e93088d-FW00192.jpg,938,241,plant
btn_2017_06_27_flight_1_120ft/rgb_autoexposure_calibration/calibrated_0cae8e93088d-FW00192.jpg,1021,618,plant
btn_2017_06_27_flight_1_120ft/rgb_autoexposure_calibration/calibrated_0cae8e93088d-FW00192.jpg,1234,850,plant
btn_2017_06_27_flight_1_120ft/rgb_autoexposure_calibration/calibrated_0cae8e93088d-FW00192.jpg,665,838,plant
btn_2017_06_27_flight_1_120ft/rgb_autoexposure_calibration/calibrated_0cae8e93088d-FW00192.jpg,490,512,other
btn_2017_06_27_flight_1_120ft/rgb_autoexposure_calibration/calibrated_0cae8e93088d-FW00192.jpg,607,347,other
btn_2017_06_27_flight_1_120ft/rgb_autoexposure_calibration/calibrated_0cae8e93088d-FW00192.jpg,435,210,plant
btn_2017_06_27_flight_1_120ft/rgb_autoexposure_calibration/calibrated_0cae8e93088d-FW00221.jpg,159,424,other
btn_2017_06_27_flight_1_120ft/rgb_autoexposure_calibration/calibrated_0cae8e93088d-FW00221.jpg,866,38,plant
btn_2017_06_27_flight_1_120ft/rgb_autoexposure_calibration/calibrated_0cae8e93088d-FW00221.jpg,732,738,plant
btn_2017_06_27_flight_1_120ft/rgb_autoexposure_calibration/calibrated_0cae8e93088d-FW00221.jpg,367,752,other
btn_2017_06_27_flight_1_120ft/rgb_autoexposure_calibration/calibrated_0cae8e93088d-FW00221.jpg,609,545,other
btn_2017_06_27_flight_1_120ft/rgb_autoexposure_calibration/calibrated_0cae8e93088d-FW00221.jpg,998,270,plant
btn_2017_06_27_flight_1_120ft/rgb_autoexposure_calibration/calibrated_0cae8e93088d-FW00221.jpg,503,55,plant
btn_2017_06_27_flight_1_120ft/rgb_autoexposure_calibration/calibrated_0cae8e93088d-FW00221.jpg,360,575,plant
btn_2017_06_27_flight_1_120ft/rgb_autoexposure_calibration/calibrated_0cae8e93088d-FW00221.jpg,1051,510,plant
btn_2017_06_27_flight_1_120ft/rgb_autoexposure_calibration/calibrated_0cae8e93088d-FW00221.jpg,521,665,plant
btn_2017_06_27_flight_1_120ft/rgb_autoexposure_calibration/calibrated_0cae8e93088d-FW00045.jpg,598,26,other
btn_2017_06_27_flight_1_120ft/rgb_autoexposure_calibration/calibrated_0cae8e93088d-FW00045.jpg,774,536,plant
btn_2017_06_27_flight_1_120ft/rgb_autoexposure_calibration/calibrated_0cae8e93088d-FW00045.jpg,482,429,plant
btn_2017_06_27_flight_1_120ft/rgb_autoexposure_calibration/calibrated_0cae8e93088d-FW00045.jpg,988,819,plant
btn_2017_06_27_flight_1_120ft/rgb_autoexposure_calibration/calibrated_0cae8e93088d-FW00045.jpg,780,301,other
btn_2017_06_27_flight_1_120ft/rgb_autoexposure_calibration/calibrated_0cae8e93088d-FW00045.jpg,843,290,plant
btn_2017_06_27_flight_1_120ft/rgb_autoexposure_calibration/calibrated_0cae8e93088d-FW00045.jpg,894,72,plant
btn_2017_06_27_flight_1_120ft/rgb_autoexposure_calibration/calibrated_0cae8e93088d-FW00045.jpg,404,672,plant
btn_2017_06_27_flight_1_120ft/rgb_autoexposure_calibration/calibrated_0cae8e93088d-FW00045.jpg,234,742,other
btn_2017_06_27_flight_1_120ft/rgb_autoexposure_calibration/calibrated_0cae8e93088d-FW00045.jpg,1071,248,plant
btn_2017_06_27_flight_1_120ft/rgb_autoexposure_calibration/calibrated_0cae8e93088d-FW00013.jpg,168,147,plant
btn_2017_06_27_flight_1_120ft/rgb_autoexposure_calibration/calibrated_0cae8e93088d-FW00013.jpg,659,164,other
btn_2017_06_27_flight_1_120ft/rgb_autoexposure_calibration/calibrated_0cae8e93088d-FW00013.jpg,41,736,plant
btn_2017_06_27_flight_1_120ft/rgb_autoexposure_calibration/calibrated_0cae8e93088d-FW00013.jpg,405,360,plant
btn_2017_06_27_flight_1_120ft/rgb_autoexposure_calibration/calibrated_0cae8e93088d-FW00013.jpg,570,26,plant
btn_2017_06_27_flight_1_120ft/rgb_autoexposure_calibration/calibrated_0cae8e93088d-FW00013.jpg,255,99,plant
btn_2017_06_27_flight_1_120ft/rgb_autoexposure_calibration/calibrated_0cae8e93088d-FW00013.jpg,374,856,plant
btn_2017_06_27_flight_1_120ft/rgb_autoexposure_calibration/calibrated_0cae8e93088d-FW00013.jpg,627,199,plant
btn_2017_06_27_flight_1_120ft/rgb_autoexposure_calibration/calibrated_0cae8e93088d-FW00013.jpg,730,253,other
btn_2017_06_27_flight_1_120ft/rgb_autoexposure_calibration/calibrated_0cae8e93088d-FW00013.jpg,755,516,other
btn_2017_06_27_flight_1_120ft/rgb_autoexposure_calibration/calibrated_0cae8e93088d-FW00199.jpg,1138,802,plant
btn_2017_06_27_flight_1_120ft/rgb_autoexposure_calibration/calibrated_0cae8e93088d-FW00199.jpg,20,889,plant
btn_2017_06_27_flight_1_120ft/rgb_autoexposure_calibration/calibrated_0cae8e93088d-FW00199.jpg,1044,679,plant
btn_2017_06_27_flight_1_120ft/rgb_autoexposure_calibration/calibrated_0cae8e93088d-FW00199.jpg,289,836,other
btn_2017_06_27_flight_1_120ft/rgb_autoexposure_calibration/calibrated_0cae8e93088d-FW00199.jpg,445,619,plant
btn_2017_06_27_flight_1_120ft/rgb_autoexposure_calibration/calibrated_0cae8e93088d-FW00199.jpg,354,82,other
btn_2017_06_27_flight_1_120ft/rgb_autoexposure_calibration/calibrated_0cae8e93088d-FW00199.jpg,861,31,plant
btn_2017_06_27_flight_1_120ft/rgb_autoexposure_calibration/calibrated_0cae8e93088d-FW00199.jpg,137,749,plant
btn_2017_06_27_flight_1_120ft/rgb_autoexposure_calibration/calibrated_0cae8e93088d-FW00199.jpg,326,259,plant
btn_2017_06_27_flight_1_120ft/rgb_autoexposure_calibration/calibrated_0cae8e93088d-FW00199.jpg,1078,814,plant
btn_2017_06_27_flight_1_120ft/rgb_autoexposure_calibration/calibrated_0cae8e93088d-FW00119.jpg,1148,62,plant
btn_2017_06_27_flight_1_120ft/rgb_autoexposure_calibration/calibrated_0cae8e93088d-FW00119.jpg,779,513,other
btn_2017_06_27_flight_1_120ft/rgb_autoexposure_calibration/calibrated_0cae8e93088d-FW00119.jpg,459,199,other
btn_2017_06_27_flight_1_120ft/rgb_autoexposure_calibration/calibrated_0cae8e93088d-FW00119.jpg,383,145,other
btn_2017_06_27_flight_1_120ft/rgb_autoexposure_calibration/calibrated_0cae8e93088d-FW00119.jpg,22,420,plant
btn_2017_06_27_flight_1_120ft/rgb_autoexposure_calibration/calibrated_0cae8e93088d-FW00119.jpg,1044,24,plant
btn_2017_06_27_flight_1_120ft/rgb_autoexposure_calibration/calibrated_0cae8e93088d-FW00119.jpg,15,301,plant
btn_2017_06_27_flight_1_120ft/rgb_autoexposure_calibration/calibrated_0cae8e93088d-FW00119.jpg,978,439,plant
btn_2017_06_27_flight_1_120ft/rgb_autoexposure_calibration/calibrated_0cae8e93088d-FW00119.jpg,764,305,other
btn_2017_06_27_flight_1_120ft/rgb_autoexposure_calibration/calibrated_0cae8e93088d-FW00119.jpg,878,326,other
btn_2017_06_27_flight_1_120ft/rgb_autoexposure_calibration/calibrated_0cae8e93088d-FW00206.jpg,684,27,other
btn_2017_06_27_flight_1_120ft/rgb_autoexposure_calibration/calibrated_0cae8e93088d-FW00206.jpg,722,43,other
btn_2017_06_27_flight_1_120ft/rgb_autoexposure_calibration/calibrated_0cae8e93088d-FW00206.jpg,802,883,plant
btn_2017_06_27_flight_1_120ft/rgb_autoexposure_calibration/calibrated_0cae8e93088d-FW00206.jpg,451,54,plant
btn_2017_06_27_flight_1_120ft/rgb_autoexposure_calibration/calibrated_0cae8e93088d-FW00206.jpg,151,10,plant
btn_2017_06_27_flight_1_120ft/rgb_autoexposure_calibration/calibrated_0cae8e93088d-FW00206.jpg,952,784,plant
btn_2017_06_27_flight_1_120ft/rgb_autoexposure_calibration/calibrated_0cae8e93088d-FW00206.jpg,735,180,other
btn_2017_06_27_flight_1_120ft/rgb_autoexposure_calibration/calibrated_0cae8e93088d-FW00206.jpg,63,746,plant
btn_2017_06_27_flight_1_120ft/rgb_autoexposure_calibration/calibrated_0cae8e93088d-FW00206.jpg,581,758,other
btn_2017_06_27_flight_1_120ft/rgb_autoexposure_calibration/calibrated_0cae8e93088d-FW00206.jpg,330,895,plant
btn_2017_06_27_flight_1_120ft/rgb_autoexposure_calibration/calibrated_0cae8e93088d-FW00007.jpg,1190,122,plant
btn_2017_06_27_flight_1_120ft/rgb_autoexposure_calibration/calibrated_0cae8e93088d-FW00007.jpg,753,527,other
btn_2017_06_27_flight_1_120ft/rgb_autoexposure_calibration/calibrated_0cae8e93088d-FW00007.jpg,613,588,other
btn_2017_06_27_flight_1_120ft/rgb_autoexposure_calibration/calibrated_0cae8e93088d-FW00007.jpg,924,592,plant
btn_2017_06_27_flight_1_120ft/rgb_autoexposure_calibration/calibrated_0cae8e93088d-FW00007.jpg,278,653,plant
btn_2017_06_27_flight_1_120ft/rgb_autoexposure_calibration/calibrated_0cae8e93088d-FW00007.jpg,272,424,plant
btn_2017_06_27_flight_1_120ft/rgb_autoexposure_calibration/calibrated_0cae8e93088d-FW00007.jpg,1052,444,plant
btn_2017_06_27_flight_1_120ft/rgb_autoexposure_calibration/calibrated_0cae8e93088d-FW00007.jpg,682,635,plant
btn_2017_06_27_flight_1_120ft/rgb_autoexposure_calibration/calibrated_0cae8e93088d-FW00007.jpg,1109,336,plant
btn_2017_06_27_flight_1_120ft/rgb_autoexposure_calibration/calibrated_0cae8e93088d-FW00007.jpg,616,199,other
btn_2017_06_27_flight_1_120ft/rgb_autoexposure_calibration/calibrated_0cae8e93088d-FW00190.jpg,106,207,plant
btn_2017_06_27_flight_1_120ft/rgb_autoexposure_calibration/calibrated_0cae8e93088d-FW00190.jpg,302,302,plant
btn_2017_06_27_flight_1_120ft/rgb_autoexposure_calibration/calibrated_0cae8e93088d-FW00190.jpg,720,403,plant
btn_2017_06_27_flight_1_120ft/rgb_autoexposure_calibration/calibrated_0cae8e93088d-FW00190.jpg,686,930,other
btn_2017_06_27_flight_1_120ft/rgb_autoexposure_calibration/calibrated_0cae8e93088d-FW00190.jpg,242,429,plant
btn_2017_06_27_flight_1_120ft/rgb_autoexposure_calibration/calibrated_0cae8e93088d-FW00190.jpg,1038,487,plant
btn_2017_06_27_flight_1_120ft/rgb_autoexposure_calibration/calibrated_0cae8e93088d-FW00190.jpg,894,578,other
btn_2017_06_27_flight_1_120ft/rgb_autoexposure_calibration/calibrated_0cae8e93088d-FW00190.jpg,894,330,other
btn_2017_06_27_flight_1_120ft/rgb_autoexposure_calibration/calibrated_0cae8e93088d-FW00190.jpg,1137,233,plant
btn_2017_06_27_flight_1_120ft/rgb_autoexposure_calibration/calibrated_0cae8e93088d-FW00190.jpg,339,614,plant
btn_2017_06_29_flight_1_120ft/rgb_autoexposure_calibration/calibrated_0cae8e93088d-FW00178.jpg,388,851,plant
btn_2017_06_29_flight_1_120ft/rgb_autoexposure_calibration/calibrated_0cae8e93088d-FW00178.jpg,515,173,other
btn_2017_06_29_flight_1_120ft/rgb_autoexposure_calibration/calibrated_0cae8e93088d-FW00178.jpg,95,379,plant
btn_2017_06_29_flight_1_120ft/rgb_autoexposure_calibration/calibrated_0cae8e93088d-FW00178.jpg,36,820,plant
btn_2017_06_29_flight_1_120ft/rgb_autoexposure_calibration/calibrated_0cae8e93088d-FW00178.jpg,1167,889,other
btn_2017_06_29_flight_1_120ft/rgb_autoexposure_calibration/calibrated_0cae8e93088d-FW00178.jpg,605,726,plant
btn_2017_06_29_flight_1_120ft/rgb_autoexposure_calibration/calibrated_0cae8e93088d-FW00178.jpg,400,636,other
btn_2017_06_29_flight_1_120ft/rgb_autoexposure_calibration/calibrated_0cae8e93088d-FW00178.jpg,777,249,plant
btn_2017_06_29_flight_1_120ft/rgb_autoexposure_calibration/calibrated_0cae8e93088d-FW00178.jpg,963,375,plant
btn_2017_06_29_flight_1_120ft/rgb_autoexposure_calibration/calibrated_0cae8e93088d-FW00178.jpg,1059,406,plant
btn_2017_06_29_flight_1_120ft/rgb_autoexposure_calibration/calibrated_0cae8e93088d-FW00149.jpg,699,511,plant
btn_2017_06_29_flight_1_120ft/rgb_autoexposure_calibration/calibrated_0cae8e93088d-FW00149.jpg,212,909,plant
btn_2017_06_29_flight_1_120ft/rgb_autoexposure_calibration/calibrated_0cae8e93088d-FW00149.jpg,702,151,plant
btn_2017_06_29_flight_1_120ft/rgb_autoexposure_calibration/calibrated_0cae8e93088d-FW00149.jpg,218,52,plant
btn_2017_06_29_flight_1_120ft/rgb_autoexposure_calibration/calibrated_0cae8e93088d-FW00149.jpg,101,746,plant
btn_2017_06_29_flight_1_120ft/rgb_autoexposure_calibration/calibrated_0cae8e93088d-FW00149.jpg,1155,292,other
btn_2017_06_29_flight_1_120ft/rgb_autoexposure_calibration/calibrated_0cae8e93088d-FW00149.jpg,232,673,plant
btn_2017_06_29_flight_1_120ft/rgb_autoexposure_calibration/calibrated_0cae8e93088d-FW00149.jpg,516,72,plant
btn_2017_06_29_flight_1_120ft/rgb_autoexposure_calibration/calibrated_0cae8e93088d-FW00149.jpg,196,901,plant
btn_2017_06_29_flight_1_120ft/rgb_autoexposure_calibration/calibrated_0cae8e93088d-FW00149.jpg,1170,473,plant
btn_2017_06_29_flight_1_120ft/rgb_autoexposure_calibration/calibrated_0cae8e93088d-FW00167.jpg,104,167,plant
btn_2017_06_29_flight_1_120ft/rgb_autoexposure_calibration/calibrated_0cae8e93088d-FW00167.jpg,259,487,plant
btn_2017_06_29_flight_1_120ft/rgb_autoexposure_calibration/calibrated_0cae8e93088d-FW00167.jpg,636,778,plant
btn_2017_06_29_flight_1_120ft/rgb_autoexposure_calibration/calibrated_0cae8e93088d-FW00167.jpg,477,479,plant
btn_2017_06_29_flight_1_120ft/rgb_autoexposure_calibration/calibrated_0cae8e93088d-FW00167.jpg,697,374,plant
btn_2017_06_29_flight_1_120ft/rgb_autoexposure_calibration/calibrated_0cae8e93088d-FW00167.jpg,416,768,other
btn_2017_06_29_flight_1_120ft/rgb_autoexposure_calibration/calibrated_0cae8e93088d-FW00167.jpg,74,8,plant
btn_2017_06_29_flight_1_120ft/rgb_autoexposure_calibration/calibrated_0cae8e93088d-FW00167.jpg,795,197,plant
btn_2017_06_29_flight_1_120ft/rgb_autoexposure_calibration/calibrated_0cae8e93088d-FW00167.jpg,868,196,plant
btn_2017_06_29_flight_1_120ft/rgb_autoexposure_calibration/calibrated_0cae8e93088d-FW00167.jpg,847,65,plant
btn_2017_06_29_flight_1_120ft/rgb_autoexposure_calibration/calibrated_0cae8e93088d-FW00171.jpg,1145,705,plant
btn_2017_06_29_flight_1_120ft/rgb_autoexposure_calibration/calibrated_0cae8e93088d-FW00171.jpg,97,214,plant
btn_2017_06_29_flight_1_120ft/rgb_autoexposure_calibration/calibrated_0cae8e93088d-FW00171.jpg,636,386,other
btn_2017_06_29_flight_1_120ft/rgb_autoexposure_calibration/calibrated_0cae8e93088d-FW00171.jpg,702,10,plant
btn_2017_06_29_flight_1_120ft/rgb_autoexposure_calibration/calibrated_0cae8e93088d-FW00171.jpg,533,260,other
btn_2017_06_29_flight_1_120ft/rgb_autoexposure_calibration/calibrated_0cae8e93088d-FW00171.jpg,241,190,plant
btn_2017_06_29_flight_1_120ft/rgb_autoexposure_calibration/calibrated_0cae8e93088d-FW00171.jpg,782,302,other
btn_2017_06_29_flight_1_120ft/rgb_autoexposure_calibration/calibrated_0cae8e93088d-FW00171.jpg,425,63,other
btn_2017_06_29_flight_1_120ft/rgb_autoexposure_calibration/calibrated_0cae8e93088d-FW00171.jpg,975,10,plant
btn_2017_06_29_flight_1_120ft/rgb_autoexposure_calibration/calibrated_0cae8e93088d-FW00171.jpg,44,45,plant
btn_2017_06_29_flight_1_120ft/rgb_autoexposure_calibration/calibrated_0cae8e93088d-FW00034.jpg,1040,350,plant
btn_2017_06_29_flight_1_120ft/rgb_autoexposure_calibration/calibrated_0cae8e93088d-FW00034.jpg,10,733,plant
btn_2017_06_29_flight_1_120ft/rgb_autoexposure_calibration/calibrated_0cae8e93088d-FW00034.jpg,610,425,plant
btn_2017_06_29_flight_1_120ft/rgb_autoexposure_calibration/calibrated_0cae8e93088d-FW00034.jpg,1127,749,plant
btn_2017_06_29_flight_1_120ft/rgb_autoexposure_calibration/calibrated_0cae8e93088d-FW00034.jpg,728,237,plant
btn_2017_06_29_flight_1_120ft/rgb_autoexposure_calibration/calibrated_0cae8e93088d-FW00034.jpg,471,373,plant
btn_2017_06_29_flight_1_120ft/rgb_autoexposure_calibration/calibrated_0cae8e93088d-FW00034.jpg,346,145,plant
btn_2017_06_29_flight_1_120ft/rgb_autoexposure_calibration/calibrated_0cae8e93088d-FW00034.jpg,886,536,plant
btn_2017_06_29_flight_1_120ft/rgb_autoexposure_calibration/calibrated_0cae8e93088d-FW00034.jpg,495,754,plant
btn_2017_06_29_flight_1_120ft/rgb_autoexposure_calibration/calibrated_0cae8e93088d-FW00034.jpg,720,246,plant
btn_2017_06_29_flight_1_120ft/rgb_autoexposure_calibration/calibrated_0cae8e93088d-FW00118.jpg,759,276,plant
btn_2017_06_29_flight_1_120ft/rgb_autoexposure_calibration/calibrated_0cae8e93088d-FW00118.jpg,812,725,plant
btn_2017_06_29_flight_1_120ft/rgb_autoexposure_calibration/calibrated_0cae8e93088d-FW00118.jpg,982,882,other
btn_2017_06_29_flight_1_120ft/rgb_autoexposure_calibration/calibrated_0cae8e93088d-FW00118.jpg,386,785,plant
btn_2017_06_29_flight_1_120ft/rgb_autoexposure_calibration/calibrated_0cae8e93088d-FW00118.jpg,1162,546,other
btn_2017_06_29_flight_1_120ft/rgb_autoexposure_calibration/calibrated_0cae8e93088d-FW00118.jpg,732,829,plant
btn_2017_06_29_flight_1_120ft/rgb_autoexposure_calibration/calibrated_0cae8e93088d-FW00118.jpg,592,434,plant
btn_2017_06_29_flight_1_120ft/rgb_autoexposure_calibration/calibrated_0cae8e93088d-FW00118.jpg,502,948,other
btn_2017_06_29_flight_1_120ft/rgb_autoexposure_calibration/calibrated_0cae8e93088d-FW00118.jpg,457,890,other
btn_2017_06_29_flight_1_120ft/rgb_autoexposure_calibration/calibrated_0cae8e93088d-FW00118.jpg,273,346,other
btn_2017_06_29_flight_1_120ft/rgb_autoexposure_calibration/calibrated_0cae8e93088d-FW00187.jpg,1137,447,plant
btn_2017_06_29_flight_1_120ft/rgb_autoexposure_calibration/calibrated_0cae8e93088d-FW00187.jpg,76,328,plant
btn_2017_06_29_flight_1_120ft/rgb_autoexposure_calibration/calibrated_0cae8e93088d-FW00187.jpg,762,508,other
btn_2017_06_29_flight_1_120ft/rgb_autoexposure_calibration/calibrated_0cae8e93088d-FW00187.jpg,147,868,plant
btn_2017_06_29_flight_1_120ft/rgb_autoexposure_calibration/calibrated_0cae8e93088d-FW00187.jpg,991,541,other
btn_2017_06_29_flight_1_120ft/rgb_autoexposure_calibration/calibrated_0cae8e93088d-FW00187.jpg,1067,836,other
btn_2017_06_29_flight_1_120ft/rgb_autoexposure_calibration/calibrated_0cae8e93088d-FW00187.jpg,1028,851,other
btn_2017_06_29_flight_1_120ft/rgb_autoexposure_calibration/calibrated_0cae8e93088d-FW00187.jpg,650,70,other
btn_2017_06_29_flight_1_120ft/rgb_autoexposure_calibration/calibrated_0cae8e93088d-FW00187.jpg,49,886,plant
btn_2017_06_29_flight_1_120ft/rgb_autoexposure_calibration/calibrated_0cae8e93088d-FW00187.jpg,675,125,plant
btn_2017_06_29_flight_1_120ft/rgb_autoexposure_calibration/calibrated_0cae8e93088d-FW00068.jpg,1047,778,plant
btn_2017_06_29_flight_1_120ft/rgb_autoexposure_calibration/calibrated_0cae8e93088d-FW00068.jpg,1220,225,plant
btn_2017_06_29_flight_1_120ft/rgb_autoexposure_calibration/calibrated_0cae8e93088d-FW00068.jpg,687,573,plant
btn_2017_06_29_flight_1_120ft/rgb_autoexposure_calibration/calibrated_0cae8e93088d-FW00068.jpg,194,660,other
btn_2017_06_29_flight_1_120ft/rgb_autoexposure_calibration/calibrated_0cae8e93088d-FW00068.jpg,297,461,other
btn_2017_06_29_flight_1_120ft/rgb_autoexposure_calibration/calibrated_0cae8e93088d-FW00068.jpg,177,544,other
btn_2017_06_29_flight_1_120ft/rgb_autoexposure_calibration/calibrated_0cae8e93088d-FW00068.jpg,90,671,plant
btn_2017_06_29_flight_1_120ft/rgb_autoexposure_calibration/calibrated_0cae8e93088d-FW00068.jpg,46,87,plant
btn_2017_06_29_flight_1_120ft/rgb_autoexposure_calibration/calibrated_0cae8e93088d-FW00068.jpg,4,350,plant
btn_2017_06_29_flight_1_120ft/rgb_autoexposure_calibration/calibrated_0cae8e93088d-FW00068.jpg,565,80,other
btn_2017_06_29_flight_1_120ft/rgb_autoexposure_calibration/calibrated_0cae8e93088d-FW00063.jpg,381,705,plant
btn_2017_06_29_flight_1_120ft/rgb_autoexposure_calibration/calibrated_0cae8e93088d-FW00063.jpg,404,213,other
btn_2017_06_29_flight_1_120ft/rgb_autoexposure_calibration/calibrated_0cae8e93088d-FW00063.jpg,28,740,plant
btn_2017_06_29_flight_1_120ft/rgb_autoexposure_calibration/calibrated_0cae8e93088d-FW00063.jpg,205,336,other
btn_2017_06_29_flight_1_120ft/rgb_autoexposure_calibration/calibrated_0cae8e93088d-FW00063.jpg,531,420,plant
btn_2017_06_29_flight_1_120ft/rgb_autoexposure_calibration/calibrated_0cae8e93088d-FW00063.jpg,333,690,plant
btn_2017_06_29_flight_1_120ft/rgb_autoexposure_calibration/calibrated_0cae8e93088d-FW00063.jpg,180,467,plant
btn_2017_06_29_flight_1_120ft/rgb_autoexposure_calibration/calibrated_0cae8e93088d-FW00063.jpg,1245,611,plant
btn_2017_06_29_flight_1_120ft/rgb_autoexposure_calibration/calibrated_0cae8e93088d-FW00063.jpg,1119,540,plant
btn_2017_06_29_flight_1_120ft/rgb_autoexposure_calibration/calibrated_0cae8e93088d-FW00063.jpg,469,55,plant
btn_2017_06_29_flight_1_120ft/rgb_autoexposure_calibration/calibrated_0cae8e93088d-FW00161.jpg,142,614,plant
btn_2017_06_29_flight_1_120ft/rgb_autoexposure_calibration/calibrated_0cae8e93088d-FW00161.jpg,478,184,plant
btn_2017_06_29_flight_1_120ft/rgb_autoexposure_calibration/calibrated_0cae8e93088d-FW00161.jpg,520,379,plant
btn_2017_06_29_flight_1_120ft/rgb_autoexposure_calibration/calibrated_0cae8e93088d-FW00161.jpg,792,560,plant
btn_2017_06_29_flight_1_120ft/rgb_autoexposure_calibration/calibrated_0cae8e93088d-FW00161.jpg,312,307,plant
btn_2017_06_29_flight_1_120ft/rgb_autoexposure_calibration/calibrated_0cae8e93088d-FW00161.jpg,63,442,plant
btn_2017_06_29_flight_1_120ft/rgb_autoexposure_calibration/calibrated_0cae8e93088d-FW00161.jpg,387,382,plant
btn_2017_06_29_flight_1_120ft/rgb_autoexposure_calibration/calibrated_0cae8e93088d-FW00161.jpg,686,921,other
btn_2017_06_29_flight_1_120ft/rgb_autoexposure_calibration/calibrated_0cae8e93088d-FW00161.jpg,393,444,other
btn_2017_06_29_flight_1_120ft/rgb_autoexposure_calibration/calibrated_0cae8e93088d-FW00161.jpg,77,341,plant
btn_2017_06_30_flight_1_120ft/rgb_autoexposure_calibration/calibrated_0cae8e93088d-FW00058.jpg,511,251,plant
btn_2017_06_30_flight_1_120ft/rgb_autoexposure_calibration/calibrated_0cae8e93088d-FW00058.jpg,1185,344,other
btn_2017_06_30_flight_1_120ft/rgb_autoexposure_calibration/calibrated_0cae8e93088d-FW00058.jpg,748,168,plant
btn_2017_06_30_flight_1_120ft/rgb_autoexposure_calibration/calibrated_0cae8e93088d-FW00058.jpg,639,689,other
btn_2017_06_30_flight_1_120ft/rgb_autoexposure_calibration/calibrated_0cae8e93088d-FW00058.jpg,3,694,plant
btn_2017_06_30_flight_1_120ft/rgb_autoexposure_calibration/calibrated_0cae8e93088d-FW00058.jpg,58,60,plant
btn_2017_06_30_flight_1_120ft/rgb_autoexposure_calibration/calibrated_0cae8e93088d-FW00058.jpg,903,865,other
btn_2017_06_30_flight_1_120ft/rgb_autoexposure_calibration/calibrated_0cae8e93088d-FW00058.jpg,1076,649,plant
btn_2017_06_30_flight_1_120ft/rgb_autoexposure_calibration/calibrated_0cae8e93088d-FW00058.jpg,743,12,plant
btn_2017_06_30_flight_1_120ft/rgb_autoexposure_calibration/calibrated_0cae8e93088d-FW00058.jpg,95,382,other
btn_2017_06_30_flight_1_120ft/rgb_autoexposure_calibration/calibrated_0cae8e93088d-FW00105.jpg,306,402,plant
btn_2017_06_30_flight_1_120ft/rgb_autoexposure_calibration/calibrated_0cae8e93088d-FW00105.jpg,771,434,plant
btn_2017_06_30_flight_1_120ft/rgb_autoexposure_calibration/calibrated_0cae8e93088d-FW00105.jpg,1178,768,plant
btn_2017_06_30_flight_1_120ft/rgb_autoexposure_calibration/calibrated_0cae8e93088d-FW00105.jpg,809,888,plant
btn_2017_06_30_flight_1_120ft/rgb_autoexposure_calibration/calibrated_0cae8e93088d-FW00105.jpg,987,293,other
btn_2017_06_30_flight_1_120ft/rgb_autoexposure_calibration/calibrated_0cae8e93088d-FW00105.jpg,68,892,plant
btn_2017_06_30_flight_1_120ft/rgb_autoexposure_calibration/calibrated_0cae8e93088d-FW00105.jpg,114,628,plant
btn_2017_06_30_flight_1_120ft/rgb_autoexposure_calibration/calibrated_0cae8e93088d-FW00105.jpg,253,658,plant
btn_2017_06_30_flight_1_120ft/rgb_autoexposure_calibration/calibrated_0cae8e93088d-FW00105.jpg,189,595,plant
btn_2017_06_30_flight_1_120ft/rgb_autoexposure_calibration/calibrated_0cae8e93088d-FW00105.jpg,890,332,other
btn_2017_06_30_flight_1_120ft/rgb_autoexposure_calibration/calibrated_0cae8e93088d-FW00059.jpg,90,346,other
btn_2017_06_30_flight_1_120ft/rgb_autoexposure_calibration/calibrated_0cae8e93088d-FW00059.jpg,708,62,plant
btn_2017_06_30_flight_1_120ft/rgb_autoexposure_calibration/calibrated_0cae8e93088d-FW00059.jpg,632,675,other
btn_2017_06_30_flight_1_120ft/rgb_autoexposure_calibration/calibrated_0cae8e93088d-FW00059.jpg,231,28,plant
btn_2017_06_30_flight_1_120ft/rgb_autoexposure_calibration/calibrated_0cae8e93088d-FW00059.jpg,12,548,other
btn_2017_06_30_flight_1_120ft/rgb_autoexposure_calibration/calibrated_0cae8e93088d-FW00059.jpg,1124,359,plant
btn_2017_06_30_flight_1_120ft/rgb_autoexposure_calibration/calibrated_0cae8e93088d-FW00059.jpg,281,833,plant
btn_2017_06_30_flight_1_120ft/rgb_autoexposure_calibration/calibrated_0cae8e93088d-FW00059.jpg,854,647,plant
btn_2017_06_30_flight_1_120ft/rgb_autoexposure_calibration/calibrated_0cae8e93088d-FW00059.jpg,1206,836,plant
btn_2017_06_30_flight_1_120ft/rgb_autoexposure_calibration/calibrated_0cae8e93088d-FW00059.jpg,278,940,plant
btn_2017_06_30_flight_1_120ft/rgb_autoexposure_calibration/calibrated_0cae8e93088d-FW00117.jpg,487,614,other
btn_2017_06_30_flight_1_120ft/rgb_autoexposure_calibration/calibrated_0cae8e93088d-FW00117.jpg,294,167,plant
btn_2017_06_30_flight_1_120ft/rgb_autoexposure_calibration/calibrated_0cae8e93088d-FW00117.jpg,1233,569,other
btn_2017_06_30_flight_1_120ft/rgb_autoexposure_calibration/calibrated_0cae8e93088d-FW00117.jpg,863,444,other
btn_2017_06_30_flight_1_120ft/rgb_autoexposure_calibration/calibrated_0cae8e93088d-FW00117.jpg,1236,459,other
btn_2017_06_30_flight_1_120ft/rgb_autoexposure_calibration/calibrated_0cae8e93088d-FW00117.jpg,368,139,plant
btn_2017_06_30_flight_1_120ft/rgb_autoexposure_calibration/calibrated_0cae8e93088d-FW00117.jpg,11,4,plant
btn_2017_06_30_flight_1_120ft/rgb_autoexposure_calibration/calibrated_0cae8e93088d-FW00117.jpg,796,127,plant
btn_2017_06_30_flight_1_120ft/rgb_autoexposure_calibration/calibrated_0cae8e93088d-FW00117.jpg,969,206,plant
btn_2017_06_30_flight_1_120ft/rgb_autoexposure_calibration/calibrated_0cae8e93088d-FW00117.jpg,365,98,plant
btn_2017_06_30_flight_1_120ft/rgb_autoexposure_calibration/calibrated_0cae8e93088d-FW00063.jpg,792,520,other
btn_2017_06_30_flight_1_120ft/rgb_autoexposure_calibration/calibrated_0cae8e93088d-FW00063.jpg,594,55,plant
btn_2017_06_30_flight_1_120ft/rgb_autoexposure_calibration/calibrated_0cae8e93088d-FW00063.jpg,1217,309,other
btn_2017_06_30_flight_1_120ft/rgb_autoexposure_calibration/calibrated_0cae8e93088d-FW00063.jpg,1107,92,plant
btn_2017_06_30_flight_1_120ft/rgb_autoexposure_calibration/calibrated_0cae8e93088d-FW00063.jpg,855,588,plant
btn_2017_06_30_flight_1_120ft/rgb_autoexposure_calibration/calibrated_0cae8e93088d-FW00063.jpg,412,70,plant
btn_2017_06_30_flight_1_120ft/rgb_autoexposure_calibration/calibrated_0cae8e93088d-FW00063.jpg,1170,636,plant
btn_2017_06_30_flight_1_120ft/rgb_autoexposure_calibration/calibrated_0cae8e93088d-FW00063.jpg,489,334,other
btn_2017_06_30_flight_1_120ft/rgb_autoexposure_calibration/calibrated_0cae8e93088d-FW00063.jpg,404,791,plant
btn_2017_06_30_flight_1_120ft/rgb_autoexposure_calibration/calibrated_0cae8e93088d-FW00063.jpg,286,865,plant
btn_2017_06_30_flight_1_120ft/rgb_autoexposure_calibration/calibrated_0cae8e93088d-FW00202.jpg,871,133,plant
btn_2017_06_30_flight_1_120ft/rgb_autoexposure_calibration/calibrated_0cae8e93088d-FW00202.jpg,282,270,plant
btn_2017_06_30_flight_1_120ft/rgb_autoexposure_calibration/calibrated_0cae8e93088d-FW00202.jpg,657,116,plant
btn_2017_06_30_flight_1_120ft/rgb_autoexposure_calibration/calibrated_0cae8e93088d-FW00202.jpg,1150,903,other
btn_2017_06_30_flight_1_120ft/rgb_autoexposure_calibration/calibrated_0cae8e93088d-FW00202.jpg,1098,34,other
btn_2017_06_30_flight_1_120ft/rgb_autoexposure_calibration/calibrated_0cae8e93088d-FW00202.jpg,1131,581,plant
btn_2017_06_30_flight_1_120ft/rgb_autoexposure_calibration/calibrated_0cae8e93088d-FW00202.jpg,840,223,plant
btn_2017_06_30_flight_1_120ft/rgb_autoexposure_calibration/calibrated_0cae8e93088d-FW00202.jpg,402,749,other
btn_2017_06_30_flight_1_120ft/rgb_autoexposure_calibration/calibrated_0cae8e93088d-FW00202.jpg,1118,302,plant
btn_2017_06_30_flight_1_120ft/rgb_autoexposure_calibration/calibrated_0cae8e93088d-FW00202.jpg,1003,820,plant
btn_2017_06_30_flight_1_120ft/rgb_autoexposure_calibration/calibrated_0cae8e93088d-FW00119.jpg,1128,868,plant
btn_2017_06_30_flight_1_120ft/rgb_autoexposure_calibration/calibrated_0cae8e93088d-FW00119.jpg,905,353,other
btn_2017_06_30_flight_1_120ft/rgb_autoexposure_calibration/calibrated_0cae8e93088d-FW00119.jpg,818,97,plant
btn_2017_06_30_flight_1_120ft/rgb_autoexposure_calibration/calibrated_0cae8e93088d-FW00119.jpg,413,97,plant
btn_2017_06_30_flight_1_120ft/rgb_autoexposure_calibration/calibrated_0cae8e93088d-FW00119.jpg,221,805,plant
btn_2017_06_30_flight_1_120ft/rgb_autoexposure_calibration/calibrated_0cae8e93088d-FW00119.jpg,179,943,other
btn_2017_06_30_flight_1_120ft/rgb_autoexposure_calibration/calibrated_0cae8e93088d-FW00119.jpg,692,658,plant
btn_2017_06_30_flight_1_120ft/rgb_autoexposure_calibration/calibrated_0cae8e93088d-FW00119.jpg,740,493,other
btn_2017_06_30_flight_1_120ft/rgb_autoexposure_calibration/calibrated_0cae8e93088d-FW00119.jpg,200,338,other
btn_2017_06_30_flight_1_120ft/rgb_autoexposure_calibration/calibrated_0cae8e93088d-FW00119.jpg,1210,218,plant
btn_2017_06_30_flight_1_120ft/rgb_autoexposure_calibration/calibrated_0cae8e93088d-FW00079.jpg,808,235,plant
btn_2017_06_30_flight_1_120ft/rgb_autoexposure_calibration/calibrated_0cae8e93088d-FW00079.jpg,611,362,plant
btn_2017_06_30_flight_1_120ft/rgb_autoexposure_calibration/calibrated_0cae8e93088d-FW00079.jpg,351,227,plant
btn_2017_06_30_flight_1_120ft/rgb_autoexposure_calibration/calibrated_0cae8e93088d-FW00079.jpg,355,801,plant
btn_2017_06_30_flight_1_120ft/rgb_autoexposure_calibration/calibrated_0cae8e93088d-FW00079.jpg,150,786,other
btn_2017_06_30_flight_1_120ft/rgb_autoexposure_calibration/calibrated_0cae8e93088d-FW00079.jpg,80,757,plant
btn_2017_06_30_flight_1_120ft/rgb_autoexposure_calibration/calibrated_0cae8e93088d-FW00079.jpg,161,565,other
btn_2017_06_30_flight_1_120ft/rgb_autoexposure_calibration/calibrated_0cae8e93088d-FW00079.jpg,747,391,other
btn_2017_06_30_flight_1_120ft/rgb_autoexposure_calibration/calibrated_0cae8e93088d-FW00079.jpg,1112,886,plant
btn_2017_06_30_flight_1_120ft/rgb_autoexposure_calibration/calibrated_0cae8e93088d-FW00079.jpg,631,850,plant
btn_2017_06_30_flight_1_120ft/rgb_autoexposure_calibration/calibrated_0cae8e93088d-FW00020.jpg,472,401,plant
btn_2017_06_30_flight_1_120ft/rgb_autoexposure_calibration/calibrated_0cae8e93088d-FW00020.jpg,969,164,other
btn_2017_06_30_flight_1_120ft/rgb_autoexposure_calibration/calibrated_0cae8e93088d-FW00020.jpg,86,79,plant
btn_2017_06_30_flight_1_120ft/rgb_autoexposure_calibration/calibrated_0cae8e93088d-FW00020.jpg,640,369,plant
btn_2017_06_30_flight_1_120ft/rgb_autoexposure_calibration/calibrated_0cae8e93088d-FW00020.jpg,1180,738,other
btn_2017_06_30_flight_1_120ft/rgb_autoexposure_calibration/calibrated_0cae8e93088d-FW00020.jpg,1207,486,plant
btn_2017_06_30_flight_1_120ft/rgb_autoexposure_calibration/calibrated_0cae8e93088d-FW00020.jpg,519,58,plant
btn_2017_06_30_flight_1_120ft/rgb_autoexposure_calibration/calibrated_0cae8e93088d-FW00020.jpg,984,917,plant
btn_2017_06_30_flight_1_120ft/rgb_autoexposure_calibration/calibrated_0cae8e93088d-FW00020.jpg,135,442,other
btn_2017_06_30_flight_1_120ft/rgb_autoexposure_calibration/calibrated_0cae8e93088d-FW00020.jpg,49,152,plant
btn_2017_06_30_flight_1_120ft/rgb_autoexposure_calibration/calibrated_0cae8e93088d-FW00050.jpg,694,76,other
btn_2017_06_30_flight_1_120ft/rgb_autoexposure_calibration/calibrated_0cae8e93088d-FW00050.jpg,155,781,plant
btn_2017_06_30_flight_1_120ft/rgb_autoexposure_calibration/calibrated_0cae8e93088d-FW00050.jpg,163,284,other
btn_2017_06_30_flight_1_120ft/rgb_autoexposure_calibration/calibrated_0cae8e93088d-FW00050.jpg,464,236,plant
btn_2017_06_30_flight_1_120ft/rgb_autoexposure_calibration/calibrated_0cae8e93088d-FW00050.jpg,50,205,plant
btn_2017_06_30_flight_1_120ft/rgb_autoexposure_calibration/calibrated_0cae8e93088d-FW00050.jpg,1077,353,plant
btn_2017_06_30_flight_1_120ft/rgb_autoexposure_calibration/calibrated_0cae8e93088d-FW00050.jpg,160,738,plant
btn_2017_06_30_flight_1_120ft/rgb_autoexposure_calibration/calibrated_0cae8e93088d-FW00050.jpg,110,597,plant
btn_2017_06_30_flight_1_120ft/rgb_autoexposure_calibration/calibrated_0cae8e93088d-FW00050.jpg,752,211,plant
btn_2017_06_30_flight_1_120ft/rgb_autoexposure_calibration/calibrated_0cae8e93088d-FW00050.jpg,27,183,plant
btn_2017_07_03_flight_1_120ft/rgb_autoexposure_calibration/calibrated_0cae8e93088d-FW00034.jpg,638,241,other
btn_2017_07_03_flight_1_120ft/rgb_autoexposure_calibration/calibrated_0cae8e93088d-FW00034.jpg,1199,541,other
btn_2017_07_03_flight_1_120ft/rgb_autoexposure_calibration/calibrated_0cae8e93088d-FW00034.jpg,75,253,plant
btn_2017_07_03_flight_1_120ft/rgb_autoexposure_calibration/calibrated_0cae8e93088d-FW00034.jpg,1173,628,other
btn_2017_07_03_flight_1_120ft/rgb_autoexposure_calibration/calibrated_0cae8e93088d-FW00034.jpg,39,928,other
btn_2017_07_03_flight_1_120ft/rgb_autoexposure_calibration/calibrated_0cae8e93088d-FW00034.jpg,589,36,plant
btn_2017_07_03_flight_1_120ft/rgb_autoexposure_calibration/calibrated_0cae8e93088d-FW00034.jpg,181,515,other
btn_2017_07_03_flight_1_120ft/rgb_autoexposure_calibration/calibrated_0cae8e93088d-FW00034.jpg,173,910,other
btn_2017_07_03_flight_1_120ft/rgb_autoexposure_calibration/calibrated_0cae8e93088d-FW00034.jpg,650,272,plant
btn_2017_07_03_flight_1_120ft/rgb_autoexposure_calibration/calibrated_0cae8e93088d-FW00034.jpg,199,228,other
btn_2017_07_03_flight_1_120ft/rgb_autoexposure_calibration/calibrated_0cae8e93088d-FW00093.jpg,453,230,other
btn_2017_07_03_flight_1_120ft/rgb_autoexposure_calibration/calibrated_0cae8e93088d-FW00093.jpg,191,170,other
btn_2017_07_03_flight_1_120ft/rgb_autoexposure_calibration/calibrated_0cae8e93088d-FW00093.jpg,45,291,plant
btn_2017_07_03_flight_1_120ft/rgb_autoexposure_calibration/calibrated_0cae8e93088d-FW00093.jpg,825,886,plant
btn_2017_07_03_flight_1_120ft/rgb_autoexposure_calibration/calibrated_0cae8e93088d-FW00093.jpg,900,382,other
btn_2017_07_03_flight_1_120ft/rgb_autoexposure_calibration/calibrated_0cae8e93088d-FW00093.jpg,739,653,other
btn_2017_07_03_flight_1_120ft/rgb_autoexposure_calibration/calibrated_0cae8e93088d-FW00093.jpg,301,485,other
btn_2017_07_03_flight_1_120ft/rgb_autoexposure_calibration/calibrated_0cae8e93088d-FW00093.jpg,640,491,other
btn_2017_07_03_flight_1_120ft/rgb_autoexposure_calibration/calibrated_0cae8e93088d-FW00093.jpg,124,470,plant
btn_2017_07_03_flight_1_120ft/rgb_autoexposure_calibration/calibrated_0cae8e93088d-FW00093.jpg,1147,764,plant
btn_2017_07_03_flight_1_120ft/rgb_autoexposure_calibration/calibrated_0cae8e93088d-FW00158.jpg,722,155,plant
btn_2017_07_03_flight_1_120ft/rgb_autoexposure_calibration/calibrated_0cae8e93088d-FW00158.jpg,292,191,plant
btn_2017_07_03_flight_1_120ft/rgb_autoexposure_calibration/calibrated_0cae8e93088d-FW00158.jpg,83,132,other
btn_2017_07_03_flight_1_120ft/rgb_autoexposure_calibration/calibrated_0cae8e93088d-FW00158.jpg,828,712,plant
btn_2017_07_03_flight_1_120ft/rgb_autoexposure_calibration/calibrated_0cae8e93088d-FW00158.jpg,59,853,other
btn_2017_07_03_flight_1_120ft/rgb_autoexposure_calibration/calibrated_0cae8e93088d-FW00158.jpg,799,662,plant
btn_2017_07_03_flight_1_120ft/rgb_autoexposure_calibration/calibrated_0cae8e93088d-FW00158.jpg,335,475,plant
btn_2017_07_03_flight_1_120ft/rgb_autoexposure_calibration/calibrated_0cae8e93088d-FW00158.jpg,896,370,plant
btn_2017_07_03_flight_1_120ft/rgb_autoexposure_calibration/calibrated_0cae8e93088d-FW00158.jpg,762,760,plant
btn_2017_07_03_flight_1_120ft/rgb_autoexposure_calibration/calibrated_0cae8e93088d-FW00158.jpg,1239,650,other
btn_2017_07_03_flight_1_120ft/rgb_autoexposure_calibration/calibrated_0cae8e93088d-FW00205.jpg,282,178,plant
btn_2017_07_03_flight_1_120ft/rgb_autoexposure_calibration/calibrated_0cae8e93088d-FW00205.jpg,1243,308,other
btn_2017_07_03_flight_1_120ft/rgb_autoexposure_calibration/calibrated_0cae8e93088d-FW00205.jpg,468,892,plant
btn_2017_07_03_flight_1_120ft/rgb_autoexposure_calibration/calibrated_0cae8e93088d-FW00205.jpg,731,850,plant
btn_2017_07_03_flight_1_120ft/rgb_autoexposure_calibration/calibrated_0cae8e93088d-FW00205.jpg,324,411,plant
btn_2017_07_03_flight_1_120ft/rgb_autoexposure_calibration/calibrated_0cae8e93088d-FW00205.jpg,686,32,other
btn_2017_07_03_flight_1_120ft/rgb_autoexposure_calibration/calibrated_0cae8e93088d-FW00205.jpg,1007,297,other
btn_2017_07_03_flight_1_120ft/rgb_autoexposure_calibration/calibrated_0cae8e93088d-FW00205.jpg,507,351,plant
btn_2017_07_03_flight_1_120ft/rgb_autoexposure_calibration/calibrated_0cae8e93088d-FW00205.jpg,1205,280,plant
btn_2017_07_03_flight_1_120ft/rgb_autoexposure_calibration/calibrated_0cae8e93088d-FW00205.jpg,430,588,plant
btn_2017_07_03_flight_1_120ft/rgb_autoexposure_calibration/calibrated_0cae8e93088d-FW00199.jpg,858,803,plant
btn_2017_07_03_flight_1_120ft/rgb_autoexposure_calibration/calibrated_0cae8e93088d-FW00199.jpg,984,422,plant
btn_2017_07_03_flight_1_120ft/rgb_autoexposure_calibration/calibrated_0cae8e93088d-FW00199.jpg,4,330,plant
btn_2017_07_03_flight_1_120ft/rgb_autoexposure_calibration/calibrated_0cae8e93088d-FW00199.jpg,823,82,plant
btn_2017_07_03_flight_1_120ft/rgb_autoexposure_calibration/calibrated_0cae8e93088d-FW00199.jpg,107,913,other
btn_2017_07_03_flight_1_120ft/rgb_autoexposure_calibration/calibrated_0cae8e93088d-FW00199.jpg,314,205,plant
btn_2017_07_03_flight_1_120ft/rgb_autoexposure_calibration/calibrated_0cae8e93088d-FW00199.jpg,251,716,plant
btn_2017_07_03_flight_1_120ft/rgb_autoexposure_calibration/calibrated_0cae8e93088d-FW00199.jpg,232,15,plant
btn_2017_07_03_flight_1_120ft/rgb_autoexposure_calibration/calibrated_0cae8e93088d-FW00199.jpg,432,481,plant
btn_2017_07_03_flight_1_120ft/rgb_autoexposure_calibration/calibrated_0cae8e93088d-FW00199.jpg,489,896,plant
btn_2017_07_03_flight_1_120ft/rgb_autoexposure_calibration/calibrated_0cae8e93088d-FW00016.jpg,770,487,other
btn_2017_07_03_flight_1_120ft/rgb_autoexposure_calibration/calibrated_0cae8e93088d-FW00016.jpg,1214,282,other
btn_2017_07_03_flight_1_120ft/rgb_autoexposure_calibration/calibrated_0cae8e93088d-FW00016.jpg,661,261,other
btn_2017_07_03_flight_1_120ft/rgb_autoexposure_calibration/calibrated_0cae8e93088d-FW00016.jpg,1065,320,plant
btn_2017_07_03_flight_1_120ft/rgb_autoexposure_calibration/calibrated_0cae8e93088d-FW00016.jpg,311,768,plant
btn_2017_07_03_flight_1_120ft/rgb_autoexposure_calibration/calibrated_0cae8e93088d-FW00016.jpg,57,365,other
btn_2017_07_03_flight_1_120ft/rgb_autoexposure_calibration/calibrated_0cae8e93088d-FW00016.jpg,100,450,other
btn_2017_07_03_flight_1_120ft/rgb_autoexposure_calibration/calibrated_0cae8e93088d-FW00016.jpg,934,220,plant
btn_2017_07_03_flight_1_120ft/rgb_autoexposure_calibration/calibrated_0cae8e93088d-FW00016.jpg,1201,787,plant
btn_2017_07_03_flight_1_120ft/rgb_autoexposure_calibration/calibrated_0cae8e93088d-FW00016.jpg,100,295,other
btn_2017_07_03_flight_1_120ft/rgb_autoexposure_calibration/calibrated_0cae8e93088d-FW00156.jpg,436,837,plant
btn_2017_07_03_flight_1_120ft/rgb_autoexposure_calibration/calibrated_0cae8e93088d-FW00156.jpg,1062,703,plant
btn_2017_07_03_flight_1_120ft/rgb_autoexposure_calibration/calibrated_0cae8e93088d-FW00156.jpg,593,465,plant
btn_2017_07_03_flight_1_120ft/rgb_autoexposure_calibration/calibrated_0cae8e93088d-FW00156.jpg,230,423,plant
btn_2017_07_03_flight_1_120ft/rgb_autoexposure_calibration/calibrated_0cae8e93088d-FW00156.jpg,173,244,plant
btn_2017_07_03_flight_1_120ft/rgb_autoexposure_calibration/calibrated_0cae8e93088d-FW00156.jpg,283,87,plant
btn_2017_07_03_flight_1_120ft/rgb_autoexposure_calibration/calibrated_0cae8e93088d-FW00156.jpg,551,329,plant
btn_2017_07_03_flight_1_120ft/rgb_autoexposure_calibration/calibrated_0cae8e93088d-FW00156.jpg,294,705,plant
btn_2017_07_03_flight_1_120ft/rgb_autoexposure_calibration/calibrated_0cae8e93088d-FW00156.jpg,518,356,plant
btn_2017_07_03_flight_1_120ft/rgb_autoexposure_calibration/calibrated_0cae8e93088d-FW00156.jpg,734,353,plant
btn_2017_07_03_flight_1_120ft/rgb_autoexposure_calibration/calibrated_0cae8e93088d-FW00201.jpg,638,486,plant
btn_2017_07_03_flight_1_120ft/rgb_autoexposure_calibration/calibrated_0cae8e93088d-FW00201.jpg,133,586,plant
btn_2017_07_03_flight_1_120ft/rgb_autoexposure_calibration/calibrated_0cae8e93088d-FW00201.jpg,489,373,other
btn_2017_07_03_flight_1_120ft/rgb_autoexposure_calibration/calibrated_0cae8e93088d-FW00201.jpg,460,710,plant
btn_2017_07_03_flight_1_120ft/rgb_autoexposure_calibration/calibrated_0cae8e93088d-FW00201.jpg,244,78,plant
btn_2017_07_03_flight_1_120ft/rgb_autoexposure_calibration/calibrated_0cae8e93088d-FW00201.jpg,1184,886,plant
btn_2017_07_03_flight_1_120ft/rgb_autoexposure_calibration/calibrated_0cae8e93088d-FW00201.jpg,746,639,plant
btn_2017_07_03_flight_1_120ft/rgb_autoexposure_calibration/calibrated_0cae8e93088d-FW00201.jpg,1063,220,plant
btn_2017_07_03_flight_1_120ft/rgb_autoexposure_calibration/calibrated_0cae8e93088d-FW00201.jpg,1221,551,plant
btn_2017_07_03_flight_1_120ft/rgb_autoexposure_calibration/calibrated_0cae8e93088d-FW00201.jpg,430,484,plant
btn_2017_07_03_flight_1_120ft/rgb_autoexposure_calibration/calibrated_0cae8e93088d-FW00096.jpg,311,105,other
btn_2017_07_03_flight_1_120ft/rgb_autoexposure_calibration/calibrated_0cae8e93088d-FW00096.jpg,689,813,other
btn_2017_07_03_flight_1_120ft/rgb_autoexposure_calibration/calibrated_0cae8e93088d-FW00096.jpg,243,386,plant
btn_2017_07_03_flight_1_120ft/rgb_autoexposure_calibration/calibrated_0cae8e93088d-FW00096.jpg,302,768,plant
btn_2017_07_03_flight_1_120ft/rgb_autoexposure_calibration/calibrated_0cae8e93088d-FW00096.jpg,862,254,other
btn_2017_07_03_flight_1_120ft/rgb_autoexposure_calibration/calibrated_0cae8e93088d-FW00096.jpg,612,592,plant
btn_2017_07_03_flight_1_120ft/rgb_autoexposure_calibration/calibrated_0cae8e93088d-FW00096.jpg,761,162,other
btn_2017_07_03_flight_1_120ft/rgb_autoexposure_calibration/calibrated_0cae8e93088d-FW00096.jpg,208,562,plant
btn_2017_07_03_flight_1_120ft/rgb_autoexposure_calibration/calibrated_0cae8e93088d-FW00096.jpg,1220,473,plant
btn_2017_07_03_flight_1_120ft/rgb_autoexposure_calibration/calibrated_0cae8e93088d-FW00096.jpg,173,315,other
btn_2017_07_03_flight_1_120ft/rgb_autoexposure_calibration/calibrated_0cae8e93088d-FW00154.jpg,579,834,plant
btn_2017_07_03_flight_1_120ft/rgb_autoexposure_calibration/calibrated_0cae8e93088d-FW00154.jpg,156,268,plant
btn_2017_07_03_flight_1_120ft/rgb_autoexposure_calibration/calibrated_0cae8e93088d-FW00154.jpg,577,206,other
btn_2017_07_03_flight_1_120ft/rgb_autoexposure_calibration/calibrated_0cae8e93088d-FW00154.jpg,474,478,other
btn_2017_07_03_flight_1_120ft/rgb_autoexposure_calibration/calibrated_0cae8e93088d-FW00154.jpg,927,189,plant
btn_2017_07_03_flight_1_120ft/rgb_autoexposure_calibration/calibrated_0cae8e93088d-FW00154.jpg,1073,702,plant
btn_2017_07_03_flight_1_120ft/rgb_autoexposure_calibration/calibrated_0cae8e93088d-FW00154.jpg,645,619,plant
btn_2017_07_03_flight_1_120ft/rgb_autoexposure_calibration/calibrated_0cae8e93088d-FW00154.jpg,376,497,plant
btn_2017_07_03_flight_1_120ft/rgb_autoexposure_calibration/calibrated_0cae8e93088d-FW00154.jpg,551,877,plant
btn_2017_07_03_flight_1_120ft/rgb_autoexposure_calibration/calibrated_0cae8e93088d-FW00154.jpg,866,571,other
btn_2017_07_05_flight_1_120ft/rgb_autoexposure_calibration/calibrated_0cae8e93088d-FW00163.jpg,193,599,plant
btn_2017_07_05_flight_1_120ft/rgb_autoexposure_calibration/calibrated_0cae8e93088d-FW00163.jpg,620,87,plant
btn_2017_07_05_flight_1_120ft/rgb_autoexposure_calibration/calibrated_0cae8e93088d-FW00163.jpg,2,435,plant
btn_2017_07_05_flight_1_120ft/rgb_autoexposure_calibration/calibrated_0cae8e93088d-FW00163.jpg,227,398,plant
btn_2017_07_05_flight_1_120ft/rgb_autoexposure_calibration/calibrated_0cae8e93088d-FW00163.jpg,471,545,plant
btn_2017_07_05_flight_1_120ft/rgb_autoexposure_calibration/calibrated_0cae8e93088d-FW00163.jpg,1123,835,other
btn_2017_07_05_flight_1_120ft/rgb_autoexposure_calibration/calibrated_0cae8e93088d-FW00163.jpg,917,162,plant
btn_2017_07_05_flight_1_120ft/rgb_autoexposure_calibration/calibrated_0cae8e93088d-FW00163.jpg,1191,356,other
btn_2017_07_05_flight_1_120ft/rgb_autoexposure_calibration/calibrated_0cae8e93088d-FW00163.jpg,814,643,other
btn_2017_07_05_flight_1_120ft/rgb_autoexposure_calibration/calibrated_0cae8e93088d-FW00163.jpg,66,494,plant
btn_2017_07_05_flight_1_120ft/rgb_autoexposure_calibration/calibrated_0cae8e93088d-FW00153.jpg,147,425,other
btn_2017_07_05_flight_1_120ft/rgb_autoexposure_calibration/calibrated_0cae8e93088d-FW00153.jpg,833,284,other
btn_2017_07_05_flight_1_120ft/rgb_autoexposure_calibration/calibrated_0cae8e93088d-FW00153.jpg,206,672,other
btn_2017_07_05_flight_1_120ft/rgb_autoexposure_calibration/calibrated_0cae8e93088d-FW00153.jpg,120,763,plant
btn_2017_07_05_flight_1_120ft/rgb_autoexposure_calibration/calibrated_0cae8e93088d-FW00153.jpg,467,520,other
btn_2017_07_05_flight_1_120ft/rgb_autoexposure_calibration/calibrated_0cae8e93088d-FW00153.jpg,592,255,other
btn_2017_07_05_flight_1_120ft/rgb_autoexposure_calibration/calibrated_0cae8e93088d-FW00153.jpg,1001,420,other
btn_2017_07_05_flight_1_120ft/rgb_autoexposure_calibration/calibrated_0cae8e93088d-FW00153.jpg,199,309,other
btn_2017_07_05_flight_1_120ft/rgb_autoexposure_calibration/calibrated_0cae8e93088d-FW00153.jpg,1037,530,plant
btn_2017_07_05_flight_1_120ft/rgb_autoexposure_calibration/calibrated_0cae8e93088d-FW00153.jpg,810,512,other
btn_2017_07_05_flight_1_120ft/rgb_autoexposure_calibration/calibrated_0cae8e93088d-FW00073.jpg,1022,178,other
btn_2017_07_05_flight_1_120ft/rgb_autoexposure_calibration/calibrated_0cae8e93088d-FW00073.jpg,865,259,other
btn_2017_07_05_flight_1_120ft/rgb_autoexposure_calibration/calibrated_0cae8e93088d-FW00073.jpg,1128,240,other
btn_2017_07_05_flight_1_120ft/rgb_autoexposure_calibration/calibrated_0cae8e93088d-FW00073.jpg,492,580,plant
btn_2017_07_05_flight_1_120ft/rgb_autoexposure_calibration/calibrated_0cae8e93088d-FW00073.jpg,917,577,plant
btn_2017_07_05_flight_1_120ft/rgb_autoexposure_calibration/calibrated_0cae8e93088d-FW00073.jpg,884,942,plant
btn_2017_07_05_flight_1_120ft/rgb_autoexposure_calibration/calibrated_0cae8e93088d-FW00073.jpg,166,440,other
btn_2017_07_05_flight_1_120ft/rgb_autoexposure_calibration/calibrated_0cae8e93088d-FW00073.jpg,342,223,other
btn_2017_07_05_flight_1_120ft/rgb_autoexposure_calibration/calibrated_0cae8e93088d-FW00073.jpg,380,661,plant
btn_2017_07_05_flight_1_120ft/rgb_autoexposure_calibration/calibrated_0cae8e93088d-FW00073.jpg,824,892,plant
btn_2017_07_05_flight_1_120ft/rgb_autoexposure_calibration/calibrated_0cae8e93088d-FW00145.jpg,918,716,plant
btn_2017_07_05_flight_1_120ft/rgb_autoexposure_calibration/calibrated_0cae8e93088d-FW00145.jpg,312,141,plant
btn_2017_07_05_flight_1_120ft/rgb_autoexposure_calibration/calibrated_0cae8e93088d-FW00145.jpg,503,908,plant
btn_2017_07_05_flight_1_120ft/rgb_autoexposure_calibration/calibrated_0cae8e93088d-FW00145.jpg,886,32,plant
btn_2017_07_05_flight_1_120ft/rgb_autoexposure_calibration/calibrated_0cae8e93088d-FW00145.jpg,1123,759,other
btn_2017_07_05_flight_1_120ft/rgb_autoexposure_calibration/calibrated_0cae8e93088d-FW00145.jpg,358,840,plant
btn_2017_07_05_flight_1_120ft/rgb_autoexposure_calibration/calibrated_0cae8e93088d-FW00145.jpg,7,558,plant
btn_2017_07_05_flight_1_120ft/rgb_autoexposure_calibration/calibrated_0cae8e93088d-FW00145.jpg,296,155,plant
btn_2017_07_05_flight_1_120ft/rgb_autoexposure_calibration/calibrated_0cae8e93088d-FW00145.jpg,253,164,plant
btn_2017_07_05_flight_1_120ft/rgb_autoexposure_calibration/calibrated_0cae8e93088d-FW00145.jpg,324,708,plant
btn_2017_07_05_flight_1_120ft/rgb_autoexposure_calibration/calibrated_0cae8e93088d-FW00071.jpg,669,476,other
btn_2017_07_05_flight_1_120ft/rgb_autoexposure_calibration/calibrated_0cae8e93088d-FW00071.jpg,241,259,plant
btn_2017_07_05_flight_1_120ft/rgb_autoexposure_calibration/calibrated_0cae8e93088d-FW00071.jpg,132,404,plant
btn_2017_07_05_flight_1_120ft/rgb_autoexposure_calibration/calibrated_0cae8e93088d-FW00071.jpg,1204,320,other
btn_2017_07_05_flight_1_120ft/rgb_autoexposure_calibration/calibrated_0cae8e93088d-FW00071.jpg,107,238,plant
btn_2017_07_05_flight_1_120ft/rgb_autoexposure_calibration/calibrated_0cae8e93088d-FW00071.jpg,1192,194,plant
btn_2017_07_05_flight_1_120ft/rgb_autoexposure_calibration/calibrated_0cae8e93088d-FW00071.jpg,649,451,plant
btn_2017_07_05_flight_1_120ft/rgb_autoexposure_calibration/calibrated_0cae8e93088d-FW00071.jpg,56,385,plant
btn_2017_07_05_flight_1_120ft/rgb_autoexposure_calibration/calibrated_0cae8e93088d-FW00071.jpg,1196,203,other
btn_2017_07_05_flight_1_120ft/rgb_autoexposure_calibration/calibrated_0cae8e93088d-FW00071.jpg,1182,241,plant
btn_2017_07_05_flight_1_120ft/rgb_autoexposure_calibration/calibrated_0cae8e93088d-FW00158.jpg,203,149,plant
btn_2017_07_05_flight_1_120ft/rgb_autoexposure_calibration/calibrated_0cae8e93088d-FW00158.jpg,634,380,other
btn_2017_07_05_flight_1_120ft/rgb_autoexposure_calibration/calibrated_0cae8e93088d-FW00158.jpg,607,415,plant
btn_2017_07_05_flight_1_120ft/rgb_autoexposure_calibration/calibrated_0cae8e93088d-FW00158.jpg,1102,210,plant
btn_2017_07_05_flight_1_120ft/rgb_autoexposure_calibration/calibrated_0cae8e93088d-FW00158.jpg,609,910,other
btn_2017_07_05_flight_1_120ft/rgb_autoexposure_calibration/calibrated_0cae8e93088d-FW00158.jpg,1176,867,other
btn_2017_07_05_flight_1_120ft/rgb_autoexposure_calibration/calibrated_0cae8e93088d-FW00158.jpg,657,877,other
btn_2017_07_05_flight_1_120ft/rgb_autoexposure_calibration/calibrated_0cae8e93088d-FW00158.jpg,74,584,plant
btn_2017_07_05_flight_1_120ft/rgb_autoexposure_calibration/calibrated_0cae8e93088d-FW00158.jpg,210,925,plant
btn_2017_07_05_flight_1_120ft/rgb_autoexposure_calibration/calibrated_0cae8e93088d-FW00158.jpg,821,211,plant
btn_2017_07_05_flight_1_120ft/rgb_autoexposure_calibration/calibrated_0cae8e93088d-FW00123.jpg,142,60,plant
btn_2017_07_05_flight_1_120ft/rgb_autoexposure_calibration/calibrated_0cae8e93088d-FW00123.jpg,537,830,other
btn_2017_07_05_flight_1_120ft/rgb_autoexposure_calibration/calibrated_0cae8e93088d-FW00123.jpg,330,563,plant
btn_2017_07_05_flight_1_120ft/rgb_autoexposure_calibration/calibrated_0cae8e93088d-FW00123.jpg,800,571,plant
btn_2017_07_05_flight_1_120ft/rgb_autoexposure_calibration/calibrated_0cae8e93088d-FW00123.jpg,600,903,plant
btn_2017_07_05_flight_1_120ft/rgb_autoexposure_calibration/calibrated_0cae8e93088d-FW00123.jpg,721,868,other
btn_2017_07_05_flight_1_120ft/rgb_autoexposure_calibration/calibrated_0cae8e93088d-FW00123.jpg,629,908,plant
btn_2017_07_05_flight_1_120ft/rgb_autoexposure_calibration/calibrated_0cae8e93088d-FW00123.jpg,47,632,plant
btn_2017_07_05_flight_1_120ft/rgb_autoexposure_calibration/calibrated_0cae8e93088d-FW00123.jpg,331,1,other
btn_2017_07_05_flight_1_120ft/rgb_autoexposure_calibration/calibrated_0cae8e93088d-FW00123.jpg,894,639,plant
btn_2017_07_05_flight_1_120ft/rgb_autoexposure_calibration/calibrated_0cae8e93088d-FW00201.jpg,702,931,plant
btn_2017_07_05_flight_1_120ft/rgb_autoexposure_calibration/calibrated_0cae8e93088d-FW00201.jpg,657,179,plant
btn_2017_07_05_flight_1_120ft/rgb_autoexposure_calibration/calibrated_0cae8e93088d-FW00201.jpg,361,786,plant
btn_2017_07_05_flight_1_120ft/rgb_autoexposure_calibration/calibrated_0cae8e93088d-FW00201.jpg,50,87,plant
btn_2017_07_05_flight_1_120ft/rgb_autoexposure_calibration/calibrated_0cae8e93088d-FW00201.jpg,266,243,plant
btn_2017_07_05_flight_1_120ft/rgb_autoexposure_calibration/calibrated_0cae8e93088d-FW00201.jpg,1039,8,plant
btn_2017_07_05_flight_1_120ft/rgb_autoexposure_calibration/calibrated_0cae8e93088d-FW00201.jpg,926,904,other
btn_2017_07_05_flight_1_120ft/rgb_autoexposure_calibration/calibrated_0cae8e93088d-FW00201.jpg,789,699,plant
btn_2017_07_05_flight_1_120ft/rgb_autoexposure_calibration/calibrated_0cae8e93088d-FW00201.jpg,517,853,plant
btn_2017_07_05_flight_1_120ft/rgb_autoexposure_calibration/calibrated_0cae8e93088d-FW00201.jpg,1116,728,plant
btn_2017_07_05_flight_1_120ft/rgb_autoexposure_calibration/calibrated_0cae8e93088d-FW00138.jpg,529,728,plant
btn_2017_07_05_flight_1_120ft/rgb_autoexposure_calibration/calibrated_0cae8e93088d-FW00138.jpg,176,339,other
btn_2017_07_05_flight_1_120ft/rgb_autoexposure_calibration/calibrated_0cae8e93088d-FW00138.jpg,20,210,plant
btn_2017_07_05_flight_1_120ft/rgb_autoexposure_calibration/calibrated_0cae8e93088d-FW00138.jpg,500,67,plant
btn_2017_07_05_flight_1_120ft/rgb_autoexposure_calibration/calibrated_0cae8e93088d-FW00138.jpg,63,418,other
btn_2017_07_05_flight_1_120ft/rgb_autoexposure_calibration/calibrated_0cae8e93088d-FW00138.jpg,1079,291,other
btn_2017_07_05_flight_1_120ft/rgb_autoexposure_calibration/calibrated_0cae8e93088d-FW00138.jpg,802,666,plant
btn_2017_07_05_flight_1_120ft/rgb_autoexposure_calibration/calibrated_0cae8e93088d-FW00138.jpg,1201,418,other
btn_2017_07_05_flight_1_120ft/rgb_autoexposure_calibration/calibrated_0cae8e93088d-FW00138.jpg,350,439,plant
btn_2017_07_05_flight_1_120ft/rgb_autoexposure_calibration/calibrated_0cae8e93088d-FW00138.jpg,868,866,other
btn_2017_07_05_flight_1_120ft/rgb_autoexposure_calibration/calibrated_0cae8e93088d-FW00017.jpg,114,129,plant
btn_2017_07_05_flight_1_120ft/rgb_autoexposure_calibration/calibrated_0cae8e93088d-FW00017.jpg,918,927,plant
btn_2017_07_05_flight_1_120ft/rgb_autoexposure_calibration/calibrated_0cae8e93088d-FW00017.jpg,826,44,plant
btn_2017_07_05_flight_1_120ft/rgb_autoexposure_calibration/calibrated_0cae8e93088d-FW00017.jpg,600,844,plant
btn_2017_07_05_flight_1_120ft/rgb_autoexposure_calibration/calibrated_0cae8e93088d-FW00017.jpg,96,899,plant
btn_2017_07_05_flight_1_120ft/rgb_autoexposure_calibration/calibrated_0cae8e93088d-FW00017.jpg,687,92,plant
btn_2017_07_05_flight_1_120ft/rgb_autoexposure_calibration/calibrated_0cae8e93088d-FW00017.jpg,410,180,plant
btn_2017_07_05_flight_1_120ft/rgb_autoexposure_calibration/calibrated_0cae8e93088d-FW00017.jpg,1246,639,plant
btn_2017_07_05_flight_1_120ft/rgb_autoexposure_calibration/calibrated_0cae8e93088d-FW00017.jpg,750,287,plant
btn_2017_07_05_flight_1_120ft/rgb_autoexposure_calibration/calibrated_0cae8e93088d-FW00017.jpg,277,447,plant